Location,Entity
TA-3,BB211
TA-3,BB212
TA-3,BB213
TA-3,BB214
TA-3,BB215
TA-3,BB216
TA-3,BB217
TA-3,BB218
TA-3,BB219
TA-3,BB220
TA-3,BB221
TA-3,BB222
TA-3,BB223
TA-3,BB224
TA-3,BB225
TA-3,BB226
TA-3,BB227
TA-3,BB228
TA-3,BB229
TA-3,BB230
TA-3,BB231
TA-3,BB232
TA-3,BB233
TA-3,BB234
TA-3,BB235
TA,BB441
TA,BB442
TA,BB443
TA,BB444
TA,BB445
TA,BB446
TA,BB447
TA,BB448
TA,BB449
TA,BB450
TA,BB451
TA,BB452
TA,BB453
TA,BB454
TA,BB455
TA,BB456
TA,BB457
TA,BB458
TA,BB459
TA,BB460
TA,BB461
TA,BB462
TA,BB463
TA,BB465
TA,BB466
TA,BB467
TA,BB468
TA,BB469
TA,BB470
TA,BB471
TA,BB472
TA,BB473
TA,BB474
TA,BB475
TA,BB476
TA,BB477
TA,BB478
TA,BB479
TA,BB480
TA,BB481
TA,BB482
TA,BB483
TA,BB484
TA,BB485
TA,BB486
TA,BB487
TA,BB488
TA,BB489
TA,BB490
TA,BB496
TA,BB497
TA,BB498
TA,BB499
TA,BB500
TA,BB501
TA,BB502
TA,BB503
TA,BB504
TA,BB505
TA,BB506
TA,BB507
TA,BB508
TA,BB509
TA,BB510
TA,BB511
TA,BB512
TA,BB513
TA,BB514
TA,BB515
TA,BB516
TA,BB517
TA,BB518
TA,BB519
TA,BB520
TA,BB521
TA,BB522
TA,BB523
TA,BB524
TA,BB525
TA,BB526
TA,BB527
TA,BB528
TA,BB529
TA,BB530
TA,BB531
TA,BB532
TA,BB533
TA,BB534
TA,BB535
TA,BB536
TA,BB537
TA,BB538
TA,BB539
TA,BB540
TA,BB541
TA,BB542
TA,BB543
TA,BB544
TA,BB545
TA,BB546
TA,BB547
TA,BB548
TA,BB549
TA,BB550
TA,BB551
TA,BB552
TA,BB553
TA,BB554
TA,BB555
TA,BB556
TA,BB557
TA,BB558
TA,BB559
TA,BB560
TA,BB561
TA,BB562
TA,BB563
TA,BB564
TA,BB565
TA,BB566
TA,BB567
TA,BB568
TA,BB569
TA,BB570
TA,BB571
TA,BB572
TA,BB573
TA,BB574
TA,BB575
TA,BB576
TA,BB577
TA,BB578
TA,BB579
TA,BB580
TA,BB581
TA,BB582
TA,BB583
TA,BB584
TA,BB585
TA,BB586
TA,BB587
TA,BB588
TA,BB589
TA,BB590
TA,BB591
TA,BB592
TA,BB593
TA,BB594
TA,BB595
TA,BB596
TA,BB597
TA,BB598
TA,BB599
TA,BB600
TA,BB601
TA,BB602
TA,BB603
TA,BB604
TA,BB605
TA,BB606
TA,BB607
TA,BB608
TA,BB609
TA,BB610
TA,BB611
TA,BB612
TA,BB613
TA,BB614
TA,BB615
TA,BB616
TA,BB617
TA,BB618
TA,BB619
TA,BB620
TA,BB621
TA,BB622
TA,BB623
TA,BB624
TA-2,BB701
TA-2,BB702
TA-2,BB703
TA-2,BB704
TA-2,BB705
TA-2,BB706
TA-2,BB707
TA-2,BB708
TA-2,BB709
TA-2,BB710
TA-2,BB711
TA-2,BB712
TA-2,BB713
TA-2,BB714
TA-2,BB715
TA-2,BB716
TA-2,BB717
TA-2,BB718
TA-2,BB719
TA-2,BB720
TA-2,BB721
TA-2,BB722
TA-2,BB723
TA-2,BB724
TA-2,BB725
TA-2,BB726
TA-2,BB727
TA-2,BB728
TA-2,BB729
TA-2,BB730
TA-2,BB731
TA-2,BB732
TA-2,BB733
TA-2,BB734
TA-2,BB735
TA-2,BB736
TA-2,BB737
TA-2,BB738
TA-2,BB745
TA-2,BB746
TA-2,BB747
TA-2,BB748
TA-2,BB749
TA-2,BB750
TA-2,BB751
TA-2,BB752
TA-2,BB753
TA-2,BB754
TA-2,BB755
TA-2,BB756
TA-2,BB757
TA-2,BB758
TA-2,BB759
TA-2,BB760
TA-2,BB761
TA-2,BB762
TA-2,BB763
TA-2,BB764
TA-2,BB765
TA-2,BB766
TA-2,BB767
TA-2,BB768
TA-2,BB769
TA-2,BB770
TA-2,BB771
TA-2,BB772
TA-2,BB773
TA-2,BB774
TA-2,BB775
TA-2,BB776
TA-2,BB777
TA-2,BB778
TA-2,BB779
TA-2,BB780
TA-2,BB781
TA-2,BB782
TA-2,BB783
TA-2,BB784
TA-2,BB785
TA-2,BB786
TA-2,BB787
TA-2,BB788
TA-2,BB789
TA-2,BB790
TA-2,BB791
TB-U,BB801
TB-U,BB802
TB-U,BB803
TB-U,BB804
TB-U,BB805
TB-U,BB806
TB-U,BB807
TB-U,BB808
TB-U,BB809
TB-U,BB810
TB-U,BB811
TB-U,BB812
TB-U,BB813
TB-U,BB814
TB-U,BB815
TB-U,BB816
TB-U,BB817
TB-U,BB818
TB-U,BB819
TB-U,BB821
TB-U,BB822
TB-U,BB823
TB-U,BB824
TB-U,BB825
TB-U,BB826
TB-U,BB827
TB-U,BB828
TB-U,BB831
TB-U,BB832
TB-U,BB833
TB-U,BB834
TB-U,BB835
TB-U,BB836
TB-U,BB837
TB-U,BB838
TB-U,BB839
TB-U,BB840
TB-U,BB841
TB-U,BB842
TB-U,BB843
TB-U,BB844
TB-U,BB845
TB-U,BB846
TB-U,BB847
TB-U,BB848
TB-U,BB849
TB-U,BB850
TB-U,BB851
TB-U,BB852
TB-U,BB853
TB-U,BB854
TB-U,BB855
TB-U,BB856
TB-U,BB857
TB-U,BB858
TB-U,BB859
TB-U,BB860
TB-U,BB861
TB-U,BB862
TB-U,BB863
TB-U,BB864
TB-U,BB865
TB-U,BB866
TB-U,BB867
TB-U,BB868
TB-U,BB869
TB-U,BB870
TB-U,BB871
TB-U,BB872
TB-U,BB873
TB-U,BB874
TB-U,BB875
TB-U,BB876
TB-U,BB877
TB-U,BB878
TB-U,BB879
TB-U,BB880
TB-U,BB881
TB-U,BB882
TB-U,BB883
TB-U,BB884
TB-U,BB885
TB-U,BB886
TB-U,BB887
TB-U,BB888
TB-U,BB889
TB-U,BB890
TB-U,BB891
TB-U,BB892
TB-U,BB893
TB-U,BB894
TB-U,BB895
TB-U,BB896
TB-U,BB897
TB-U,BB898
TB-U,BB899
TB-U,BB900
TB-U,BB901
TB-U,BB902
TB-U,BB903
TB-U,BB904
TB-U,BB905
TB-U,BB906
TB-U,BB907
TB-U,BB908
TB-U,BB909
TB-U,BB910
TB-U,BB911
TB-U,BB912
TB-U,BB913
TB-U,BB914
TB-U,BB915
TB-U,BB916
TB-U,BB917
TB-U,BB918
TB-U,BB919
TB-U,BB920
TB-U,BB921
TB-U,BB922
TB-U,BB923
TB-U,BB924
TB-U,BB925
TB-U,BB926
TB-U,BB929
TB-U,BB930
TB-U,BB931
TB-U,BB932
TB-U,BB933
TB-U,BB938
TB-I,BBA01
TB-I,BBA02
TB-I,BBA03
TB-I,BBA04
TB-I,BBA05
TB-I,BBA06
TB-I,BBA07
TB-I,BBA08
TB-I,BBA09
TB-I,BBA10
TB-I,BBA11
TB-I,BBA12
TB-I,BBA13
TB-I,BBA14
TB-I,BBA15
TB-I,BBA16
TB-I,BBA17
TB-I,BBA18
TB-I,BBA19
TB-I,BBA20
TB-I,BBA22
TB-I,BBA23
TB-I,BBA24
TB-I,BBA25
TB-I,BBA26
TB-I,BBA27
TB-I,BBA28
TB-I,BBA29
TB-I,BBA30
TB-I,BBA31
TA-2,BBB01
TA-2,BBB02
TA-2,BBB03
TA-2,BBB04
TA-2,BBB05
TA-2,BBB06
TA-2,BBB07
TA-2,BBB08
TA-2,BBB09
TA-2,BBB10
TA-2,BBB11
TA-2,BBB12
TA-2,BBB13
TA-2,BBB14
TA-2,BBB15
TA-2,BBB16
TA-2,BBB17
TA-2,BBB18
TA-2,BBB19
TA-2,BBB20
TA-2,BBB21
TA-2,BBB22
TA-2,BBB23
TA-2,BBB24
TA-2,BBB25
TA-2,BBB26
TA-2,BBB27
TA-2,BBB28
TA-2,BBB29
TA-2,BBB30
TA-2,BBB31
TA-2,BBB32
TA-2,BBB33
TA-2,BBB34
TA-2,BBB35
TA-2,BBB36
TB-5P,BBC01
TB-5P,BBC02
TB-5P,BBC03
TB-5P,BBC04
TB-5P,BBC05
TB-5P,BBC06
TB-5P,BBC07
TB-5P,BBC08
TB-5P,BBC09
TB-5P,BBC10
TB-5P,BBC11
TB-5P,BBC12
TB-5P,BBC13
TB-5P,BBC14
TB-5P,BBC15
TB-5P,BBC16
TB-5P,BBC17
TB-5P,BBC18
TB-5P,BBC19
TB-5P,BBC20
TB-5P,BBC21
TB-5P,BBC22
TB-5P,BBC23
TB-5P,BBC24
TB-5P,BBC25
TB-5P,BBC26
TB-5P,BBC27
TB-5P,BBC28
TB-5P,BBC29
TB-5P,BBC30
TB-5P,BBC31
TB-5P,BBC32
TB-5P,BBC33
TB-5P,BBC34
TB-5P,BBC35
TB-5P,BBC36
TB-5P,BBC37
TB-5P,BBC38
TB-5P,BBC39
TB-5P,BBC40
TB-5P,BBC41
TB-5P,BBC42
TB-5P,BBC43
TB-5P,BBC44
TB-5P,BBC45
TB-5P,BBC46
TB-5P,BBC47
TB-5P,BBC48
TB-5P,BBC49
TB-5P,BBC50
TB-5P,BBC51
TB-5P,BBC52
TB-5P,BBC53
TB-5P,BBC54
TB-5P,BBC55
TB-5P,BBC56
TB-5P,BBC57
TB-5P,BBC58
TB-P,BBD01
TB-P,BBD02
TB-P,BBD03
TB-P,BBD04
TB-P,BBD05
TB-P,BBD06
TB-P,BBD07
TB-P,BBD08
TB-P,BBD09
TB-P,BBD10
TB-P,BBD11
TB-P,BBD12
TB-P,BBD13
TB-P,BBD14
TB-P,BBD15
TB-P,BBD16
TB-P,BBD17
TB-P,BBD20
TB-P,BBD21
TB-P,BBD22
TB-P,BBD23
TB-P,BBD24
TB-P,BBD35
TB-P,BBD36
TB-P,BBD37
TB-P,BBD38
TB-P,BBD39
TB-P,BBD40
TB-P,BBD41
TB-P,BBD42
TB-P,BBD43
TB-P,BBD44
TB-P,BBD48
TB-P,BBD49
TB-P,BBD50
TB-P,BBD51
TB-P,BBD52
TB-P,BBD53
TB-P,BBD54
TB-P,BBD55
TB-P,BBD56
TB-P,BBD57
TB-P,BBD58
TB-P,BBD59
TB-P,BBD60
TB-P,BBD61
TB-P,BBD62
TB-P,BBD63
TB-P,BBD64
TB-P,BBD65
TB-P,BBD66
TB-P,BBD67
TB-P,BBD81
TB-5B,BBF60
TB-B,BBF61
TB-5B,BBF62
TB-5B,BBF63
TB-5B,BBF64
TB-5B,BBF65
TB-B,BBF66
TB-5B,BBF67
TB-5B,BBF68
TB-5B,BBF69
TB-5B,BBF70
TB-5B,BBF71
TB-5B,BBF72
TB-5B,BBF73
TB-5B,BBF74
TB-5B,BBF75
TA-P,BBH08
TA-P,BBH09
TA-P,BBH10
TA-P,BBH11
TA-P,BBH12
TA-P,BBH13
TA-P,BBH14
TA-P,BBH15
TA-P,BBH16
TA-P,BBH17
TA-P,BBH18
TA-P,BBH19
TA-P,BBH20
TA-P,BBH21
TA-P,BBH22
TA-P,BBH23
TA-P,BBH24
TA-P,BBH25
TA-P,BBH26
TA-P,BBH27
TA-P,BBH28
TA-P,BBH29
TA-P,BBH30
TA-P,BBH31
TA-P,BBH32
TA-P,BBH33
TA-P,BBH34
TA-P,BBH35
TA-P,BBH36
TA-P,BBH37
TA-P,BBH38
TA-P,BBH39
TA-P,BBH40
TA-P,BBH41
TA-P,BBH42
TA-P,BBH43
TA-P,BBH44
TA-P,BBH45
TA-P,BBH46
TA-P,BBH47
TA-P,BBH48
TA-P,BBH49
TA-P,BBH50
TA-P,BBH51
TA-P,BBH52
TA-P,BBH53
TA-P,BBH54
TA-P,BBH55
TA-P,BBH56
TA-P,BBH57
TA-P,BBH58
TA-P,BBH59
TA-P,BBH60
TA-P,BBH61
TA-P,BBH62
TA-P,BBH63
TA-P,BBH64
TA-P,BBH65
TA-P,BBH66
TA-P,BBH67
TA-P,BBH68
TA-P,BBH69
TA-P,BBH70
TA-P,BBH96
TA-P,BBH97
TA-P,BBH98
TA-P,BBH99
TB-I,BBJ01
TB-U,BBJ02
TB-U,BBJ03
TA-P,BBK16
TA-P,BBK17
TA-P,BBK27
TA-P,BBK28
TA-P,BBK29
TB-5P,BBK30
TB-5P,BBK31
TB-5P,BBK32
TB-5P,BBK33
TB-5P,BBK34
TB-5P,BBK35
TB-5P,BBK36
TB-5P,BBK37
TB-5P,BBK38
TB-5P,BBK39
TB-5P,BBK40
TB-5P,BBK41
TB-5P,BBK42
TB-5P,BBK43
TB-5P,BBK44
TB-P,BBL01
TB-P,BBL02
TB-P,BBL03
TB-P,BBL04
TB-P,BBL05
TB-P,BBL16
TB-P,BBL17
TB-P,BBL18
TB-P,BBL19
TB-P,BBL20
TB-P,BBL21
TB-P,BBL22
TA-U,BBM01
TA-U,BBM02
TA-U,BBM03
TA-U,BBM04
TA-U,BBM05
TA-U,BBM06
TA-U,BBM07
TB-R,BBR01
TB-R,BBR02
TB-R,BBR03
TB-R,BBR04
TB-R,BBR05
TB-R,BBR06
TB-R,BBR07
TB-R,BBR08
TB-R,BBR09
TB-R,BBR10
TB-R,BBR11
TB-R,BBR12
TB-R,BBR13
TB-R,BBR14
TB-R,BBR15
TB-R,BBR16
TB-R,BBR17
TB-R,BBR18
TB-R,BBR19
TB-R,BBR20
TB-R,BBR21
TB-R,BBR22
TB-R,BBR23
TB-R,BBR24
TB-R,BBR25
TB-R,BBR26
TB-R,BBR27
TB-R,BBR28
TB-R,BBR29
TB-R,BBR30
TB-R,BBR31
TB-R,BBR32
TB-R,BBR33
TB-R,BBR34
TB-R,BBR35
TB-R,BBR36
TB-R,BBR37
TB-R,BBR38
TB-R,BBR39
TB-R,BBR40
TB-R,BBR41
TB-R,BBR42
TB-R,BBR43
TB-R,BBR44
TB-R,BBR45
TB-R,BBR46
TB-R,BBR47
TB-R,BBR48
TB-R,BBR49
TB-R,BBR50
TB-R,BBR51
TB-R,BBR52
TB-R,BBR53
TB-R,BBR54
TB-R,BBR55
TB-IP,BBS01
TB-IP,BBS02
TB-IP,BBS03
TB-IP,BBS04
TB-IP,BBS05
TB-IP,BBS06
TB-IP,BBS07
TB-IP,BBS08
TB-IP,BBS09
TB-IP,BBS10
TA-5,BBU01
TA-5,BBU02
TA-5,BBU03
TA-5,BBU04
TA-5,BBU05
TA-5,BBU06
TA-5,BBU07
TA-5,BBU08
TA-5,BBU09
TA-5,BBU10
TA-5,BBU11
TA-5,BBU12
TA-5,BBU13
TA-5,BBU14
TA-5,BBU15
TA-5,BBU16
TA-5,BBU17
TA-5,BBU18
TA-5,BBU19
TA-5,BBU20
TA-5,BBU21
TA-5,BBU22
TA-5,BBU23
TA-5,BBU24
TA-5,BBU25
TA-5,BBU26
TA-5,BBU27
TA-5,BBU28
TA-5,BBU29
TA-5,BBU30
TA-5,BBU31
TA-5,BBU32
TA-5,BBU33
TA-5,BBU34
TA-5,BBU35
TA-5,BBU36
TA-5,BBU37
TA-5,BBU38
TA-5,BBU39
TA-5,BBU40
TA-5,BBU41
TA-5,BBU42
TA-5,BBU43
TA-5,BBU44
TA-5,BBU45
TA-5,BBU46
TA-5,BBU47
TA-5,BBU48
TA-5,BBU49
TA-5,BBU50
TA-5,BBU51
TA-5,BBU52
TA-5,BBU53
TA-5,BBU54
TA-5,BBU55
TA-5,BBU56
TA-5,BBU57
TA-5,BBU58
TA-5,BBU59
TA-5,BBU60
TA-5,BBU61
TA-5,BBU62
TA-5,BBU63
TA-5,BBU64
TA-5,BBU65
TA-5,BBU66
TA-5,BBU67
TA-5,BBU68
TA-5,BBU69
TA-5,BBU70
TA-5,BBU71
TA-5,BBU72
TA-5,BBU73
TA-5,BBU74
TA-5,BBU75
TA-5,BBU76
TA-5,BBU77
TA-5,BBU78
TA-5,BBU79
TA-5,BBU80
