ENTITY,MODEL,STATUS,LOT#,OPER,PRODUCT,BOND ID,OUTPLAN,CUST,PIN_PKG
BB211,UTC3000,RUNNING,P12AWF223,2200,016D5AW020,AAW016D53011A,2021/4/16 21:02,MXIC,SSLGA16DOU
BB212,UTC3000,RUNNING,P15VGB601,2200,024XJVG009,ABU024XJ6003A,2021/4/18 8:40,ISSI-VG,STBGA24J4U
BB213,UTC3000,RUNNING,P15MSEC01,2200,078ENMS009,AMS078EN1001A,2021/4/17 17:43,MTI,FBGA-78UEN
BB214,UTC3000,RUNNING,P15AWAE40,2200,048TPAW103,AAW048TP1008B,2021/4/17 8:39,MXIC,TSOP1-48/M2
BB215,UTC3000,RUNNING,P15MSBN04,2200,078ENMS009,AMS078EN1001A,2021/4/17 12:26,MTI,FBGA-78UEN
BB216,UTC3000,RUNNING,P15AWAF48,2200,048TPAW103,AAW048TP1008B,2021/4/17 9:55,MXIC,TSOP1-48/M2
BB217,UTC3000,RUNNING,P15AWAF05,2200,048TPAW103,AAW048TP1008B,2021/4/17 10:16,MXIC,TSOP1-48/M2
BB218,UTC3000,RUNNING,P15AWAG18,2200,048TPAW103,AAW048TP1008B,2021/4/17 19:48,MXIC,TSOP1-48/M2
BB219,UTC3000,RUNNING,P12AWF203,2200,016D5AW020,AAW016D53011A,2021/4/16 23:33,MXIC,SSLGA16DOU
BB220,UTC3000,RUNNING,P15AWAF18,2200,048TPAW103,AAW048TP1008B,2021/4/17 12:37,MXIC,TSOP1-48/M2
BB221,UTC3000,IDLE,,,,AAW048TP1008B,,,
BB222,UTC3000,IDLE,,,,AMS096EC3001B,,,
BB223,UTC3000,RUNNING,P15AWAF44,2200,048TPAW103,AAW048TP1008B,2021/4/17 15:10,MXIC,TSOP1-48/M2
BB224,UTC3000,QC,P15AWAF06,2200,048TPAW103,AAW048TP1008B,,MXIC,TSOP1-48/M2
BB225,UTC3000,RUNNING,P16MSBE02,2200,096ECMS010,AMS096EC3001B,2021/4/18 0:50,MTI,FBGA-96UEC
BB226,UTC3000,RUNNING,P15AWAF25,2200,048TPAW103,AAW048TP1008B,2021/4/17 11:16,MXIC,TSOP1-48/M2
BB227,UTC3000,QC,,,,AAW048TP1008B,,,
BB228,UTC3000,RUNNING,P15AWAF20,2200,048TPAW103,AAW048TP1008B,2021/4/17 12:00,MXIC,TSOP1-48/M2
BB229,UTC3000,RUNNING,P15AWAF43,2200,048TPAW103,AAW048TP1008B,2021/4/17 20:06,MXIC,TSOP1-48/M2
BB230,UTC3000,RUNNING,P15MSBH08,2200,078ENMS009,AMS078EN1001A,2021/4/17 10:49,MTI,FBGA-78UEN
BB231,UTC3000,RUNNING,P12AWF221,2200,016D5AW020,AAW016D53011A,2021/4/16 20:37,MXIC,SSLGA16DOU
BB232,UTC3000,RUNNING,P16MSBQ02,2200,096ECMS010,AMS096EC3001B,2021/4/17 19:40,MTI,FBGA-96UEC
BB233,UTC3000,RUNNING,P15VGB501,2200,024XJVG009,ABU024XJ6003A,2021/4/17 11:14,ISSI-VG,STBGA24J4U
BB234,UTC3000,RUNNING,P15MSBH07,2200,078ENMS009,AMS078EN1001A,2021/4/17 10:46,MTI,FBGA-78UEN
BB235,UTC3000,RUNNING,P15AWAE23,2200,048TPAW103,AAW048TP1008B,2021/4/17 9:11,MXIC,TSOP1-48/M2
BB441,UTC1000S,RUNNING,P15AWFT05,2200,024MAAW048,AAW024MA6025A,2021/4/17 10:26,MXIC,MINIBGA24A4L
BB442,UTC1000S,RUNNING,P16ABAF01,2200,060EMAB004,AAB060EM2001A,2021/4/17 19:25,WINBOND,FBGA60UEM2-1
BB443,UTC1000S,RUNNING,P15ABHH02,2200,054TNAB037,AAB054TN1004A,2021/4/17 16:53,WINBOND,TSOP2-54ME
BB444,UTC1000S,RUNNING,P15MSG201,2200,048TWMS080,AMS048TW1065A,2021/4/17 12:44,MTI,TSOP1-48AM
BB445,UTC1000S,IN-REPAIR,P15ABEE01,2200,060NRAB010,AAB060NR1006A,2021/4/17 14:18,WINBOND,VFBGA60B4L
BB446,UTC1000S,RUNNING,P13MSBL06,2200,048TWMS068,AMS048TW1058A,2021/4/17 11:24,MTI,TSOP1-48AM
BB447,UTC1000S,RUNNING,P15MSEE07,2200,078ENMS009,AMS078EN1001A,2021/4/17 20:12,MTI,FBGA-78UEN
BB448,UTC1000S,RUNNING,P09LWA801,2200,132NYLW062,ALW132NY4041A,2021/4/17 13:19,MTI-S,VFBGA132BEU
BB449,UTC1000S,RUNNING,P16ABA801,2200,096ELAB015,AAB096EL1002A,2021/4/17 22:08,WINBOND,FBGA96UEL(2)
BB450,UTC1000S,IDLE,,,,AMS096EF2001A,,,
BB451,UTC1000S,RUNNING,P16ABBJ02,2200,096ELAB015,AAB096EL1002A,2021/4/17 21:44,WINBOND,FBGA96UEL(2)
BB452,UTC1000S,RUNNING,P15MSFR07,2200,048TWMS046,AMS048TW1037A,2021/4/17 8:09,MTI,TSOP1-48AM
BB453,UTC1000S,RUNNING,P13MSBL12,2200,048TWMS068,AMS048TW1058A,2021/4/17 11:20,MTI,TSOP1-48AM
BB454,UTC1000S,RUNNING,P15ABGM03,2200,066TNAB040,AAB066TN1004A,2021/4/17 11:49,WINBOND,TSOP2-66ME
BB455,UTC1000S,RUNNING,P15MSEH06,2200,078ENMS009,AMS078EN1001A,2021/4/17 18:53,MTI,FBGA-78UEN
BB456,UTC1000S,RUNNING,P15MSFR20,2200,048TWMS046,AMS048TW1037A,2021/4/17 13:17,MTI,TSOP1-48AM
BB457,UTC1000S,WAIT-SETUP,P15BUCF03,2200,078EABU001,ABU078EA1001A,2021/4/17 13:12,ICSI,FBGA-78LEA
BB458,UTC1000S,RUNNING,P16ABAC01,2200,060EMAB004,AAB060EM2001A,2021/4/17 16:44,WINBOND,FBGA60UEM2-1
BB459,UTC1000S,RUNNING,P15MSCK03,2200,096EFMS002,AMS096EF2001A,2021/4/17 14:43,MTI,FBGA-96UEF
BB460,UTC1000S,RUNNING,P16ABBJ05,2200,096ELAB015,AAB096EL1002A,2021/4/17 21:37,WINBOND,FBGA96UEL(2)
BB461,UTC1000S,RUNNING,P15YZA301,2200,096EFYZ001,AYZ096EF2001A,2021/4/17 15:58,ZJP,FBGA-96UEF
BB462,UTC1000S,RUNNING,P15MSEM03,2200,078ENMS009,AMS078EN1001A,2021/4/17 20:35,MTI,FBGA-78UEN
BB463,UTC1000S,RUNNING,P13MSD402,2200,048TWMS075,AMS048TW1060A,2021/4/17 10:19,MTI,TSOP1-48AM
BB465,UTC1000S,RUNNING,P15ABJG01,2200,060NRAB001,AB060NR1001A,2021/4/17 11:36,WINBOND,VFBGA60B4L
BB466,UTC1000S,WAIT-SETUP,P13MSBK03,2200,048TWMS068,AMS048TW1058A,2021/4/17 8:30,MTI,TSOP1-48AM
BB467,UTC1000S,RUNNING,P15MSCN05,2200,096EFMS002,AMS096EF2001A,2021/4/17 10:10,MTI,FBGA-96UEF
BB468,UTC1000S,RUNNING,P15AWFT03,2200,024MAAW048,AAW024MA6025A,2021/4/17 14:17,MXIC,MINIBGA24A4L
BB469,UTC1000S,STOP,P15BUCR09,2200,096EFBU001,ABU096EF2001A,2021/4/17 9:03,ICSI,FBGA-96UEF
BB470,UTC1000S,RUNNING,P13MSBL13,2200,048TWMS068,AMS048TW1058A,2021/4/17 15:26,MTI,TSOP1-48AM
BB471,UTC1000S,RUNNING,P16ABA408,2200,096ELAB015,AAB096EL1002A,2021/4/17 22:31,WINBOND,FBGA96UEL(2)
BB472,UTC1000S,RUNNING,P15YZA308,2200,096EFYZ001,AYZ096EF2001A,2021/4/18 3:45,ZJP,FBGA-96UEF
BB473,UTC1000S,RUNNING,P16ABA703,2200,096ELAB015,AAB096EL1002A,2021/4/17 22:31,WINBOND,FBGA96UEL(2)
BB474,UTC1000S,RUNNING,P15BUCC02,2200,096EABU001,ABU096EA1001A,2021/4/17 15:24,ICSI,FBGA-96LEA
BB475,UTC1000S,RUNNING,P10YZAQ09,2200,084UCYZ002,AYZ084CC2002A,2021/4/17 16:45,ZJP,FBGA-84UC(2)
BB476,UTC1000S,RUNNING,P16ABBP01,2200,096ELAB016,AAB096EL1003A,2021/4/18 3:57,WINBOND,FBGA96UEL(2)
BB477,UTC1000S,RUNNING,P15AWET14,2200,048TPAW056,AAW048TP1024D,2021/4/17 8:32,MXIC,TSOP1-48/48M
BB478,UTC1000S,RUNNING,P14ABNM08,2200,048TWAB012,AAB048TW2006A,2021/4/17 11:41,WINBOND,TSOP1-48AM
BB479,UTC1000S,RUNNING,P15BUCR02,2200,096EFBU001,ABU096EF2001A,2021/4/18 3:51,ICSI,FBGA-96UEF
BB480,UTC1000S,RUNNING,P16ABBJ03,2200,096ELAB015,AAB096EL1002A,2021/4/17 16:56,WINBOND,FBGA96UEL(2)
BB481,UTC1000S,WAIT-SETUP,,,,ACD054TN1001A,,,
BB482,UTC1000S,RUNNING,P15ABGR13,2200,054TNAB041,AAB054TN1005A,2021/4/17 15:06,WINBOND,TSOP2-54ME
BB483,UTC1000S,RUNNING,P16MSC501,2200,096EFMS002,AMS096EF2001A,2021/4/17 2:39,MTI,FBGA-96UEF
BB484,UTC1000S,RUNNING,P16ABA402,2200,096ELAB015,AAB096EL1002A,2021/4/17 21:25,WINBOND,FBGA96UEL(2)
BB485,UTC1000S,RUNNING,P10YZAQ06,2200,084UCYZ002,AYZ084CC2002A,2021/4/17 10:54,ZJP,FBGA-84UC(2)
BB486,UTC1000S,RUNNING,P14ABNM15,2200,048TWAB012,AAB048TW2006A,2021/4/17 12:50,WINBOND,TSOP1-48AM
BB487,UTC1000S,RUNNING,P15MSEM02,2200,078ENMS009,AMS078EN1001A,2021/4/17 14:37,MTI,FBGA-78UEN
BB488,UTC1000S,RUNNING,P15BUCG01,2200,078EABU001,ABU078EA1001A,2021/4/17 15:25,ICSI,FBGA-78LEA
BB489,UTC1000S,RUNNING,P16ABA401,2200,096ELAB015,AAB096EL1002A,2021/4/17 12:21,WINBOND,FBGA96UEL(2)
BB490,UTC1000S,RUNNING,P15MSCK04,2200,096EFMS002,AMS096EF2001A,2021/4/17 14:42,MTI,FBGA-96UEF
BB496,UTC1000S,RUNNING,P15ABE906,2200,090NCAB019,AAB090NC4006A,2021/4/17 18:56,WINBOND,VFBGA90B4L
BB497,UTC1000S,RUNNING,P16ABA201,2200,096ELAB015,AAB096EL1002A,2021/4/17 18:54,WINBOND,FBGA96UEL(2)
BB498,UTC1000S,WAIT-REPAIR,P13CSGC01,2200,054TSCS005,ACS054TS1012A,2021/4/16 3:55,CYPRESS,TSOP2-54CMES
BB499,UTC1000S,RUNNING,P15ABGR11,2200,054TNAB041,AAB054TN1005A,2021/4/17 12:37,WINBOND,TSOP2-54ME
BB500,UTC1000S,RUNNING,P15ABHJ01,2200,054TNAB029,AAB054TN1004A,2021/4/17 11:57,WINBOND,TSOP2-54ME
BB501,UTC1000S,RUNNING,P13MSBL04,2200,048TWMS068,AMS048TW1058A,2021/4/17 9:23,MTI,TSOP1-48AM
BB502,UTC1000S,WAIT-SETUP,P13MSBL07,2200,048TWMS068,AMS048TW1058A,2021/4/17 9:40,MTI,TSOP1-48AM
BB503,UTC1000S,WAIT-SETUP,P13MSBL05,2200,048TWMS068,AMS048TW1058A,2021/4/17 10:38,MTI,TSOP1-48AM
BB504,UTC1000S,RUNNING,P14BUCA02,2200,048MABU002,CU048MA2012A,2021/4/17 12:01,ICSI,MINIBGA48A1
BB505,UTC1000S,RUNNING,P15YZA304,2200,096EFYZ001,AYZ096EF2001A,2021/4/18 4:18,ZJP,FBGA-96UEF
BB506,UTC1000S,RUNNING,P16ABBJ06,2200,096ELAB015,AAB096EL1002A,2021/4/18 8:07,WINBOND,FBGA96UEL(2)
BB507,UTC1000S,RUNNING,P15BUC801,2200,096EABU001,ABU096EA1001A,2021/4/17 10:07,ICSI,FBGA-96LEA
BB508,UTC1000S,RUNNING,P15MSCR08,2200,096EFMS002,AMS096EF2001A,2021/4/17 12:49,MTI,FBGA-96UEF
BB509,UTC1000S,RUNNING,P16ABA409,2200,096ELAB015,AAB096EL1002A,2021/4/17 13:54,WINBOND,FBGA96UEL(2)
BB510,UTC1000S,RUNNING,P15MSEM01,2200,078ENMS009,AMS078EN1001A,2021/4/17 15:54,MTI,FBGA-78UEN
BB511,UTC1000S,RUNNING,P15AWET17,2200,048TPAW056,AAW048TP1024D,2021/4/17 9:52,MXIC,TSOP1-48/48M
BB512,UTC1000S,RUNNING,P13MSBK18,2200,048TWMS068,AMS048TW1058A,2021/4/17 9:37,MTI,TSOP1-48AM
BB513,UTC1000S,RUNNING,P16ABA702,2200,096ELAB015,AAB096EL1002A,2021/4/18 0:18,WINBOND,FBGA96UEL(2)
BB514,UTC1000S,RUNNING,P15ABGM01,2200,066TNAB040,AAB066TN1004A,2021/4/17 10:13,WINBOND,TSOP2-66ME
BB515,UTC1000S,RUNNING,P13MSBL02,2200,048TWMS068,AMS048TW1058A,2021/4/17 13:31,MTI,TSOP1-48AM
BB516,UTC1000S,RUNNING,P16ABBF01,2200,084UCAB028,AAB084CC9002A,2021/4/17 13:01,WINBOND,FBGA-84UC2H
BB517,UTC1000S,RUNNING,P15ABE908,2200,090NCAB019,AAB090NC4006A,2021/4/17 13:12,WINBOND,VFBGA90B4L
BB518,UTC1000S,QC,,,,AAW064MR1009A,,,
BB519,UTC1000S,RUNNING,P15MSH201,2200,096EFMS002,AMS096EF2001A,2021/4/17 8:50,MTI,FBGA-96UEF
BB520,UTC1000S,RUNNING,P15BUCU03,2200,096EFBU002,ABU096EF2002A,2021/4/18 3:23,ICSI,FBGA-96UEF
BB521,UTC1000S,RUNNING,P15VGBA02,2200,063NWVG005,ABU063NW1004A,2021/4/17 13:53,ISSI-VG,VFBGA63H8L
BB522,UTC1000S,WAIT-SETUP,P15AWET20,2200,048TPAW056,AAW048TP1024D,2021/4/17 14:41,MXIC,TSOP1-48/48M
BB523,UTC1000S,RUNNING,P15ABGR12,2200,054TNAB041,AAB054TN1005A,2021/4/17 11:50,WINBOND,TSOP2-54ME
BB524,UTC1000S,SETUP,,,,ABU096EF2001A,2021/4/17 10:20,,
BB525,UTC1000S,RUNNING,P13MSBL03,2200,048TWMS068,AMS048TW1058A,2021/4/17 12:56,MTI,TSOP1-48AM
BB526,UTC1000S,IN-REPAIR,P15ABGR15,2200,054TNAB041,AAB054TN1005A,2021/4/17 11:38,WINBOND,TSOP2-54ME
BB527,UTC1000S,RUNNING,P15BUCK04,2200,054MFBU005,ABU054MF2001B,2021/4/17 14:18,ICSI,MINIBGA54A4L
BB528,UTC1000S,RUNNING,P15BUCR06,2200,096EFBU001,ABU096EF2001A,2021/4/17 17:44,ICSI,FBGA-96UEF
BB529,UTC1000S,RUNNING,P15MSCP08,2200,096EFMS002,AMS096EF2001A,2021/4/17 16:10,MTI,FBGA-96UEF
BB530,UTC1000S,RUNNING,P15MSCP07,2200,096EFMS002,AMS096EF2001A,2021/4/17 16:08,MTI,FBGA-96UEF
BB531,UTC1000S,RUNNING,P16ABBG01,2200,084UCAB028,AAB084CC9002A,2021/4/17 16:41,WINBOND,FBGA-84UC2H
BB532,UTC1000S,RUNNING,P15MSBN08,2200,078ENMS009,AMS078EN1001A,2021/4/17 23:55,MTI,FBGA-78UEN
BB533,UTC1000S,SETUP,,,,ALW152N31015A,2021/4/17 10:34,,
BB534,UTC1000S,RUNNING,P15BUCN01,2200,096EFBU001,ABU096EF2001A,2021/4/18 1:45,ICSI,FBGA-96UEF
BB535,UTC1000S,IN-REPAIR,P15MSBK08,2200,078ENMS009,AMS078EN1001A,2021/4/17 11:56,MTI,FBGA-78UEN
BB536,UTC1000S,RUNNING,P14ABNM10,2200,048TWAB012,AAB048TW2006A,2021/4/17 9:19,WINBOND,TSOP1-48AM
BB537,UTC1000S,RUNNING,P15ABI901,2200,096EFAB009,AAB096EF3001A,2021/4/17 10:53,WINBOND,FBGA96UEF3-2
BB538,UTC1000S,RUNNING,P14CSJA01,2200,054TNCS005,ACS054TN1003A,2021/4/17 5:36,CYPRESS,TSOP2-54ME
BB539,UTC1000S,RUNNING,P15MSBN03,2200,078ENMS009,AMS078EN1001A,2021/4/17 12:44,MTI,FBGA-78UEN
BB540,UTC1000S,WAIT-REPAIR,P15ABJG04,2200,060NRAB001,AB060NR1001A,2021/4/17 20:27,WINBOND,VFBGA60B4L
BB541,UTC1000S,RUNNING,P16ABA101,2200,096ELAB015,AAB096EL1002A,2021/4/18 2:58,WINBOND,FBGA96UEL(2)
BB542,UTC1000S,RUNNING,P15MSCP09,2200,096EFMS002,AMS096EF2001A,2021/4/17 14:55,MTI,FBGA-96UEF
BB543,UTC1000S,RUNNING,P14ABNM11,2200,048TWAB012,AAB048TW2006A,2021/4/17 10:09,WINBOND,TSOP1-48AM
BB544,UTC1000S,RUNNING,P15MSEC02,2200,078ENMS009,AMS078EN1001A,2021/4/17 16:48,MTI,FBGA-78UEN
BB545,UTC1000S,RUNNING,P15YZA303,2200,096EFYZ001,AYZ096EF2001A,2021/4/18 7:55,ZJP,FBGA-96UEF
BB546,UTC1000S,RUNNING,P14BUCE03,2200,048TPBU013,ABU048TP2003B,2021/4/17 11:28,ICSI,TSOP1-48/48M
BB547,UTC1000S,WAIT-SETUP,,,,AMS048TW1058A,,,
BB548,UTC1000S,ENG,,,,ANV132X2A014A,2021/4/17 7:27,,
BB549,UTC1000S,WAIT-SETUP,,,,AYZ096EF2001A,,,
BB550,UTC1000S,RUNNING,P15ABGS02,2200,054TNAB041,AAB054TN1005A,2021/4/17 18:39,WINBOND,TSOP2-54ME
BB551,UTC1000S,WAIT-REPAIR,P10YZAQ03,2200,084UCYZ002,AYZ084CC2002A,2021/4/17 12:57,ZJP,FBGA-84UC(2)
BB552,UTC1000S,RUNNING,P15MSFR23,2200,048TWMS046,AMS048TW1037A,2021/4/17 13:15,MTI,TSOP1-48AM
BB553,UTC1000S,RUNNING,P13BUHU02,2200,048MABU068,ABU048MA7001A,2021/4/17 9:20,ICSI,MINIBGA48J3U
BB554,UTC1000S,RUNNING,P15ABI803,2200,096EFAB009,AAB096EF3001A,2021/4/17 17:35,WINBOND,FBGA96UEF3-2
BB555,UTC1000S,RUNNING,P15MSHQ04,2200,096ECMS003,AMS096EC1002A,2021/4/17 0:21,MTI,FBGA-96UEC
BB556,UTC1000S,RUNNING,P15YZA307,2200,096EFYZ001,AYZ096EF2001A,2021/4/18 3:35,ZJP,FBGA-96UEF
BB557,UTC1000S,RUNNING,P09LWA802,2200,132NYLW062,ALW132NY4041A,2021/4/17 13:07,MTI-S,VFBGA132BEU
BB558,UTC1000S,RUNNING,P15MSEB05,2200,078ENMS009,AMS078EN1001A,2021/4/17 17:10,MTI,FBGA-78UEN
BB559,UTC1000S,RUNNING,P15YZA305,2200,096EFYZ001,AYZ096EF2001A,2021/4/18 8:58,ZJP,FBGA-96UEF
BB560,UTC1000S,RUNNING,P15YZA302,2200,096EFYZ001,AYZ096EF2001A,2021/4/17 14:11,ZJP,FBGA-96UEF
BB561,UTC1000S,RUNNING,P10YZAQ02,2200,084UCYZ002,AYZ084CC2002A,2021/4/17 11:07,ZJP,FBGA-84UC(2)
BB562,UTC1000S,RUNNING,P15MSBL06,2200,078ENMS009,AMS078EN1001A,2021/4/17 16:33,MTI,FBGA-78UEN
BB563,UTC1000S,RUNNING,P10YZAN06,2200,084UCYZ002,AYZ084CC2002A,2021/4/17 1:38,ZJP,FBGA-84UC(2)
BB564,UTC1000S,RUNNING,P15AWET19,2200,048TPAW056,AAW048TP1024D,2021/4/17 12:35,MXIC,TSOP1-48/48M
BB565,UTC1000S,RUNNING,P10YZAQ01,2200,084UCYZ002,AYZ084CC2002A,2021/4/17 11:20,ZJP,FBGA-84UC(2)
BB566,UTC1000S,RUNNING,P15BUCK01,2200,054MFBU005,ABU054MF2001B,2021/4/17 13:23,ICSI,MINIBGA54A4L
BB567,UTC1000S,RUNNING,P10YZAQ05,2200,084UCYZ002,AYZ084CC2002A,2021/4/17 10:58,ZJP,FBGA-84UC(2)
BB568,UTC1000S,RUNNING,P15ABEA02,2200,054NBAB002,AAB054NB2001A,2021/4/17 8:07,WINBOND,VFBGA54B4
BB569,UTC1000S,RUNNING,P16ABBJ04,2200,096ELAB015,AAB096EL1002A,2021/4/18 8:04,WINBOND,FBGA96UEL(2)
BB570,UTC1000S,IN-REPAIR,P10YZAN10,2200,084UCYZ002,AYZ084CC2002A,2021/4/17 15:55,ZJP,FBGA-84UC(2)
BB571,UTC1000S,SETUP,,,,ABU096EF2001A,2021/4/17 10:04,,
BB572,UTC1000S,IN-REPAIR,P10YZAN11,2200,084UCYZ002,AYZ084CC2002A,2021/4/17 14:19,ZJP,FBGA-84UC(2)
BB573,UTC1000S,RUNNING,P15ABGR08,2200,054TNAB041,AAB054TN1005A,2021/4/17 6:58,WINBOND,TSOP2-54ME
BB574,UTC1000S,RUNNING,P15YZA306,2200,096EFYZ001,AYZ096EF2001A,2021/4/17 22:24,ZJP,FBGA-96UEF
BB575,UTC1000S,RUNNING,P13MSBL08,2200,048TWMS068,AMS048TW1058A,2021/4/17 10:48,MTI,TSOP1-48AM
BB576,UTC1000S,RUNNING,P13MSBL09,2200,048TWMS068,AMS048TW1058A,2021/4/17 10:56,MTI,TSOP1-48AM
BB577,UTC1000S,RUNNING,P15MSFR19,2200,048TWMS046,AMS048TW1037A,2021/4/17 11:33,MTI,TSOP1-48AM
BB578,UTC1000S,RUNNING,P13MSBL11,2200,048TWMS068,AMS048TW1058A,2021/4/17 11:55,MTI,TSOP1-48AM
BB579,UTC1000S,RUNNING,P16ABA802,2200,096ELAB015,AAB096EL1002A,2021/4/17 12:45,WINBOND,FBGA96UEL(2)
BB580,UTC1000S,RUNNING,P16AWAK03,2200,063NWAW001,AAW063NW3001B,2021/4/17 16:57,MXIC,VFBGA63BAU
BB581,UTC1000S,RUNNING,P15BUCK03,2200,054MFBU005,ABU054MF2001B,2021/4/17 15:39,ICSI,MINIBGA54A4L
BB582,UTC1000S,RUNNING,P15MSFR17,2200,048TWMS046,AMS048TW1037A,2021/4/17 11:48,MTI,TSOP1-48AM
BB583,UTC1000S,RUNNING,P16CDA301,2200,084UCCD006,ACD084CC2002A,2021/4/17 21:02,ETRON,FBGA-84UC(2)
BB584,UTC1000S,RUNNING,P16ABA410,2200,096ELAB015,AAB096EL1002A,2021/4/17 8:57,WINBOND,FBGA96UEL(2)
BB585,UTC1000S,RUNNING,P16ABBJ01,2200,096ELAB015,AAB096EL1002A,2021/4/17 23:35,WINBOND,FBGA96UEL(2)
BB586,UTC1000S,RUNNING,P10YZAN03,2200,084UCYZ002,AYZ084CC2002A,2021/4/17 17:02,ZJP,FBGA-84UC(2)
BB587,UTC1000S,WAIT-REPAIR,P10YZAD02,2200,084UCYZ002,AYZ084CC2002A,2021/4/17 15:30,ZJP,FBGA-84UC(2)
BB588,UTC1000S,ENG,,,,AAB096EF3001A,2021/4/17 7:04,,
BB589,UTC1000S,RUNNING,P13MSBL10,2200,048TWMS068,AMS048TW1058A,2021/4/17 13:25,MTI,TSOP1-48AM
BB590,UTC1000S,RUNNING,P14MSH506,2200,078ENMS009,AMS078EN1001A,2021/4/17 1:16,MTI,FBGA-78UEN
BB591,UTC1000S,RUNNING,P15MSBL05,2200,078ENMS009,AMS078EN1001A,2021/4/17 18:46,MTI,FBGA-78UEN
BB592,UTC1000S,RUNNING,P08LWAM09,2200,152N3LW046,ALW152N31017A,2021/4/17 10:53,MTI-S,VFBGA152BAL
BB593,UTC1000S,ENG,,,,AAB060EM2001A,2021/4/17 2:55,,
BB594,UTC1000S,RUNNING,P15MSEM05,2200,078ENMS009,AMS078EN1001A,2021/4/17 15:24,MTI,FBGA-78UEN
BB595,UTC1000S,RUNNING,P16MSC502,2200,096EFMS002,AMS096EF2001A,2021/4/17 15:16,MTI,FBGA-96UEF
BB596,UTC1000S,RUNNING,P15MSCN06,2200,096EFMS002,AMS096EF2001A,2021/4/17 9:54,MTI,FBGA-96UEF
BB597,UTC1000S,RUNNING,P15ABE909,2200,090NCAB019,AAB090NC4006A,2021/4/17 14:16,WINBOND,VFBGA90B4L
BB598,UTC1000S,RUNNING,P16ABA704,2200,096ELAB015,AAB096EL1002A,2021/4/17 11:45,WINBOND,FBGA96UEL(2)
BB599,UTC1000S,WAIT-SETUP,,,,AYZ096EF2001A,,,
BB600,UTC1000S,IN-REPAIR,P10YZAN05,2200,084UCYZ002,AYZ084CC2002A,2021/4/17 15:54,ZJP,FBGA-84UC(2)
BB601,UTC1000S,RUNNING,P10YZAD03,2200,084UCYZ002,AYZ084CC2002A,2021/4/17 18:18,ZJP,FBGA-84UC(2)
BB602,UTC1000S,RUNNING,P16ABA406,2200,096ELAB015,AAB096EL1002A,2021/4/17 11:01,WINBOND,FBGA96UEL(2)
BB603,UTC1000S,QC,P15BUCC04,2200,096EABU001,ABU096EA1001A,,ICSI,FBGA-96LEA
BB604,UTC1000S,RUNNING,P15MSFR18,2200,048TWMS046,AMS048TW1037A,2021/4/17 11:07,MTI,TSOP1-48AM
BB605,UTC1000S,SETUP,,,,AMS048TW1065A,2021/4/17 10:23,,
BB606,UTC1000S,RUNNING,P15MSFR16,2200,048TWMS046,AMS048TW1037A,2021/4/17 8:43,MTI,TSOP1-48AM
BB607,UTC1000S,RUNNING,P15MSEB06,2200,078ENMS009,AMS078EN1001A,2021/4/17 12:23,MTI,FBGA-78UEN
BB608,UTC1000S,RUNNING,P15MSDE03,2200,096EFMS002,AMS096EF2001A,2021/4/17 13:58,MTI,FBGA-96UEF
BB609,UTC1000S,RUNNING,P15MSCN02,2200,096EFMS002,AMS096EF2001A,2021/4/17 9:52,MTI,FBGA-96UEF
BB610,UTC1000S,WAIT-REPAIR,P10YZAN07,2200,084UCYZ002,AYZ084CC2002A,2021/4/17 13:45,ZJP,FBGA-84UC(2)
BB611,UTC1000S,RUNNING,P15ABHJ04,2200,054TNAB029,AAB054TN1004A,2021/4/17 9:49,WINBOND,TSOP2-54ME
BB612,UTC1000S,RUNNING,P15HDA101,2200,048MAHD002,AHD048MA4001A,2021/4/17 18:53,CHIPLUS,MBGA48A2L
BB613,UTC1000S,RUNNING,P15BUCC01,2200,096EABU001,ABU096EA1001A,2021/4/17 13:20,ICSI,FBGA-96LEA
BB614,UTC1000S,RUNNING,P15MSCN04,2200,096EFMS002,AMS096EF2001A,2021/4/17 8:24,MTI,FBGA-96UEF
BB615,UTC1000S,RUNNING,P13BUHT02,2200,048MABU065,ABU048MA7002A,2021/4/17 22:17,ICSI,MINIBGA48J3U
BB616,UTC1000S,RUNNING,P15ABJG05,2200,060NRAB001,AB060NR1001A,2021/4/17 17:55,WINBOND,VFBGA60B4L
BB617,UTC1000S,SETUP,P16MSC504,2200,096EFMS002,AMS096EF2001A,2021/4/17 9:14,MTI,FBGA-96UEF
BB618,UTC1000S,WAIT-REPAIR,P15ABGR14,2200,054TNAB041,AAB054TN1005A,2021/4/17 12:12,WINBOND,TSOP2-54ME
BB619,UTC1000S,RUNNING,P14ABQM08,2200,162KEAB004,AAB162KE1002A,2021/4/17 13:50,WINBOND,STBGA162B4U
BB620,UTC1000S,RUNNING,P15BUCG02,2200,078EABU001,ABU078EA1001A,2021/4/17 18:28,ICSI,FBGA-78LEA
BB621,UTC1000S,RUNNING,P16ABBJ08,2200,096ELAB015,AAB096EL1002A,2021/4/18 9:19,WINBOND,FBGA96UEL(2)
BB622,UTC1000S,RUNNING,P15MSEM04,2200,078ENMS009,AMS078EN1001A,2021/4/17 18:40,MTI,FBGA-78UEN
BB623,UTC1000S,RUNNING,P15MSFR21,2200,048TWMS046,AMS048TW1037A,2021/4/17 11:50,MTI,TSOP1-48AM
BB624,UTC1000S,RUNNING,P15MSFR01,2200,048TWMS046,AMS048TW1037A,2021/4/17 6:19,MTI,TSOP1-48AM
BB701,UTC2000,RUNNING,P15ABJB09,2200,060NRAB005,AAB060NR1004B,2021/4/18 2:38,WINBOND,VFBGA60B4L
BB702,UTC2000,RUNNING,P15BUCH02,2200,084UCBU004,ABU084CC2001C,2021/4/17 14:36,ICSI,FBGA-84UC(2)
BB703,UTC2000,RUNNING,P15AWAG39,2200,048TPAW103,AAW048TP1008B,2021/4/27 8:57,MXIC,TSOP1-48/M2
BB704,UTC2000,RUNNING,P15AWAF31,2200,048TPAW103,AAW048TP1008B,2021/4/17 12:07,MXIC,TSOP1-48/M2
BB705,UTC2000,RUNNING,P15ABIW01,2200,060EMAB003,AAB060EM2002A,2021/4/18 5:23,WINBOND,FBGA60UEM2-1
BB706,UTC2000,RUNNING,P15AWGE03,2200,064MRAW030,AAW064MR1008B,2021/4/17 13:11,MXIC,MBGA64J4U
BB707,UTC2000,RUNNING,P15BUCQ09,2200,096EFBU001,ABU096EF2001A,2021/4/17 12:48,ICSI,FBGA-96UEF
BB708,UTC2000,RUNNING,P15AWBF14,2200,016D5AW011,AAW016D53004A,2021/4/17 19:05,MXIC,SSLGA16DOU
BB709,UTC2000,RUNNING,P15NVU336,2200,132X2NV024,ANV132X25006B,2021/4/17 11:06,PHISON,STBGA132G4U
BB710,UTC2000,RUNNING,P14ABQM05,2200,162KEAB004,AAB162KE1002A,2021/4/17 6:21,WINBOND,STBGA162B4U
BB711,UTC2000,RUNNING,P16MSBE07,2200,096ECMS010,AMS096EC3001B,2021/4/18 0:04,MTI,FBGA-96UEC
BB712,UTC2000,RUNNING,P16MSBV01,2200,096ECMS010,AMS096EC3001B,2021/4/17 22:04,MTI,FBGA-96UEC
BB713,UTC2000,RUNNING,P15SSBF06,2200,153XTSS007,ASS153XT9006A,2021/4/17 9:42,HOSIN,SSBGA153JAU
BB714,UTC2000,RUNNING,P15AWAE41,2200,048TPAW103,AAW048TP1008B,2021/4/17 13:49,MXIC,TSOP1-48/M2
BB715,UTC2000,RUNNING,P14AWDV45,2200,048TPAW086,AAW048TP1041B,2021/4/17 16:51,MXIC,TSOP1-48/M2
BB716,UTC2000,RUNNING,P15AWAF16,2200,048TPAW103,AAW048TP1008B,2021/4/17 20:34,MXIC,TSOP1-48/M2
BB717,UTC2000,RUNNING,P15AWBF04,2200,016D5AW011,AAW016D53004A,2021/4/17 12:16,MXIC,SSLGA16DOU
BB718,UTC2000,RUNNING,P15AWAF34,2200,048TPAW103,AAW048TP1008B,2021/4/17 16:53,MXIC,TSOP1-48/M2
BB719,UTC2000,RUNNING,P15NVU404,2200,132X2NV024,ANV132X25006B,2021/4/17 13:14,PHISON,STBGA132G4U
BB720,UTC2000,RUNNING,P14ABQM06,2200,162KEAB004,AAB162KE1002A,2021/4/17 17:18,WINBOND,STBGA162B4U
BB721,UTC2000,RUNNING,P15NVU405,2200,132X2NV024,ANV132X25006B,2021/4/17 17:14,PHISON,STBGA132G4U
BB722,UTC2000,RUNNING,P15BUCN02,2200,096EFBU001,ABU096EF2001A,2021/4/17 22:34,ICSI,FBGA-96UEF
BB723,UTC2000,RUNNING,P15AWAF02,2200,048TPAW103,AAW048TP1008B,2021/4/17 9:46,MXIC,TSOP1-48/M2
BB724,UTC2000,RUNNING,P15ABIX07,2200,060EMAB003,AAB060EM2002A,2021/4/17 19:43,WINBOND,FBGA60UEM2-1
BB725,UTC2000,RUNNING,P15AWGE02,2200,064MRAW030,AAW064MR1008B,2021/4/17 8:44,MXIC,MBGA64J4U
BB726,UTC2000,SETUP,,,,ABU096EF2001A,2021/4/17 8:42,,
BB727,UTC2000,IDLE,,,,AAB048TW2009A,,,
BB728,UTC2000,RUNNING,P15NVU403,2200,132X2NV024,ANV132X25006B,2021/4/17 12:45,PHISON,STBGA132G4U
BB729,UTC2000,RUNNING,P14AWDZ18,2200,048TPAW086,AAW048TP1041B,2021/4/17 19:01,MXIC,TSOP1-48/M2
BB730,UTC2000,RUNNING,P15AWAF10,2200,048TPAW103,AAW048TP1008B,2021/4/17 17:01,MXIC,TSOP1-48/M2
BB731,UTC2000,RUNNING,P15BUCR11,2200,096EFBU001,ABU096EF2001A,2021/4/17 10:19,ICSI,FBGA-96UEF
BB732,UTC2000,RUNNING,P15AWAE34,2200,048TPAW103,AAW048TP1008B,2021/4/17 11:54,MXIC,TSOP1-48/M2
BB733,UTC2000,RUNNING,P15ABIW06,2200,060EMAB003,AAB060EM2002A,2021/4/18 5:30,WINBOND,FBGA60UEM2-1
BB734,UTC2000,RUNNING,P15NVU402,2200,132X2NV024,ANV132X25006B,2021/4/17 14:07,PHISON,STBGA132G4U
BB735,UTC2000,RUNNING,P15CDA402,2200,054TNCD017,ACD054TN1001A,2021/4/17 19:01,ETRON,TSOP2-54ME
BB736,UTC2000,RUNNING,P15ABIW02,2200,060EMAB003,AAB060EM2002A,2021/4/17 19:14,WINBOND,FBGA60UEM2-1
BB737,UTC2000,RUNNING,P15NVU406,2200,132X2NV024,ANV132X25006B,2021/4/17 20:39,PHISON,STBGA132G4U
BB738,UTC2000,RUNNING,P15SSBE07,2200,153XTSS007,ASS153XT9006A,2021/4/17 18:05,HOSIN,SSBGA153JAU
BB745,UTC2000,RUNNING,P15AWEX03,2200,048TPAW074,AAW048TP1034C,2021/4/17 9:28,MXIC,TSOP1-48/48M
BB746,UTC2000,IDLE,,,,AAW048TP1041B,,,
BB747,UTC2000,RUNNING,P15BUCP04,2200,096EFBU001,ABU096EF2001A,2021/4/17 16:12,ICSI,FBGA-96UEF
BB748,UTC2000,RUNNING,P14AWDZ41,2200,048TPAW086,AAW048TP1041B,2021/4/22 7:12,MXIC,TSOP1-48/M2
BB749,UTC2000,RUNNING,P15AWAE08,2200,048TPAW103,AAW048TP1008B,2021/4/17 18:15,MXIC,TSOP1-48/M2
BB750,UTC2000,RUNNING,P15SSBB03,2200,153XTSS007,ASS153XT9006A,2021/4/18 0:37,HOSIN,SSBGA153JAU
BB751,UTC2000,RUNNING,P13CSH402,3200,054TSCS017,ACS054TS1009A,2021/4/17 11:16,CYPRESS,TSOP2-54CMES
BB752,UTC2000,RUNNING,P15AWBN02,2200,016D5AW011,AAW016D53004A,2021/4/17 20:49,MXIC,SSLGA16DOU
BB753,UTC2000,RUNNING,P15AWAF09,2200,048TPAW103,AAW048TP1008B,2021/4/17 10:35,MXIC,TSOP1-48/M2
BB754,UTC2000,RUNNING,P14ABQM07,2200,162KEAB004,AAB162KE1002A,2021/4/17 15:25,WINBOND,STBGA162B4U
BB755,UTC2000,RUNNING,P15AWAE17,2200,048TPAW103,AAW048TP1008B,2021/4/17 18:52,MXIC,TSOP1-48/M2
BB756,UTC2000,RUNNING,P15ABJB06,2200,060NRAB005,AAB060NR1004B,2021/4/18 1:34,WINBOND,VFBGA60B4L
BB757,UTC2000,SETUP,,,,AAW064MR1009A,2021/4/17 10:09,,
BB758,UTC2000,RUNNING,P15SSBE06,2200,153XTSS007,ASS153XT9006A,2021/4/17 5:33,HOSIN,SSBGA153JAU
BB759,UTC2000,RUNNING,P15NVU316,2200,132X2NV024,ANV132X25006B,2021/4/16 17:28,PHISON,STBGA132G4U
BB760,UTC2000,RUNNING,P14AWE908,2200,016D5AW011,AAW016D53004A,2021/4/17 11:38,MXIC,SSLGA16DOU
BB761,UTC2000,RUNNING,P15AWBF01,2200,016D5AW011,AAW016D53004A,2021/4/17 18:31,MXIC,SSLGA16DOU
BB762,UTC2000,RUNNING,P15ABIW04,2200,060EMAB003,AAB060EM2002A,2021/4/17 19:30,WINBOND,FBGA60UEM2-1
BB763,UTC2000,RUNNING,P16MSA203,2200,096EEMS006,AMS096EE2001A,2021/4/17 11:31,MTI,FBGA-96UEE
BB764,UTC2000,RUNNING,P14ABQM09,2200,162KEAB004,AAB162KE1002A,2021/4/17 14:40,WINBOND,STBGA162B4U
BB765,UTC2000,RUNNING,P15ABIW07,2200,060EMAB003,AAB060EM2002A,2021/4/18 7:00,WINBOND,FBGA60UEM2-1
BB766,UTC2000,RUNNING,P15VGAI16,2200,024MAVG011,ABU024MA6010A,2021/4/17 11:02,ISSI-VG,MBGA24J4U
BB767,UTC2000,RUNNING,P15BUCP03,2200,096EFBU001,ABU096EF2001A,2021/4/17 11:01,ICSI,FBGA-96UEF
BB768,UTC2000,RUNNING,P15SSBA02,2200,153XTSS007,ASS153XT9006A,2021/4/17 9:16,HOSIN,SSBGA153JAU
BB769,UTC2000,RUNNING,P15NVU407,2200,132X2NV024,ANV132X25006B,2021/4/17 17:04,PHISON,STBGA132G4U
BB770,UTC2000,RUNNING,P15ABJB03,2200,060NRAB005,AAB060NR1004B,2021/4/17 20:11,WINBOND,VFBGA60B4L
BB771,UTC2000,RUNNING,P12AWF209,2200,016D5AW020,AAW016D53011A,2021/4/17 11:23,MXIC,SSLGA16DOU
BB772,UTC2000,RUNNING,P14AWE919,2200,016D5AW011,AAW016D53004A,2021/4/17 13:27,MXIC,SSLGA16DOU
BB773,UTC2000,RUNNING,P15CDA401,2200,054TNCD017,ACD054TN1001A,2021/4/17 14:47,ETRON,TSOP2-54ME
BB774,UTC2000,RUNNING,P15AWBF02,2200,016D5AW011,AAW016D53004A,2021/4/17 17:43,MXIC,SSLGA16DOU
BB775,UTC2000,RUNNING,P15AWFP01,2200,024MAAW048,AAW024MA6025A,2021/4/17 13:45,MXIC,MINIBGA24A4L
BB776,UTC2000,WAIT-SETUP,,,,ABU200KX1001C,,,
BB777,UTC2000,IN-REPAIR,,,,AAW048TP1008B,,,
BB778,UTC2000,RUNNING,P15ABJB05,2200,060NRAB005,AAB060NR1004B,2021/4/17 15:24,WINBOND,VFBGA60B4L
BB779,UTC2000,RUNNING,P15AWAF40,2200,048TPAW103,AAW048TP1008B,2021/4/17 17:15,MXIC,TSOP1-48/M2
BB780,UTC2000,RUNNING,P12AWF211,2200,016D5AW020,AAW016D53011A,2021/4/17 11:31,MXIC,SSLGA16DOU
BB781,UTC2000,RUNNING,P14AWDZ45,2200,048TPAW086,AAW048TP1041B,2021/4/17 17:33,MXIC,TSOP1-48/M2
BB782,UTC2000,RUNNING,P15AWBN04,2200,016D5AW011,AAW016D53004A,2021/4/17 20:26,MXIC,SSLGA16DOU
BB783,UTC2000,WAIT-SETUP,P14AWDV21,2200,048TPAW086,AAW048TP1041B,2021/4/17 14:51,MXIC,TSOP1-48/M2
BB784,UTC2000,RUNNING,P15NVU408,2200,132X2NV024,ANV132X25006B,2021/4/17 21:17,PHISON,STBGA132G4U
BB785,UTC2000,RUNNING,P15ABJB04,2200,060NRAB005,AAB060NR1004B,2021/4/17 23:53,WINBOND,VFBGA60B4L
BB786,UTC2000,WAIT-SETUP,P14AWEB31,2200,048TPAW103,AAW048TP1008B,2021/4/17 0:58,MXIC,TSOP1-48/M2
BB787,UTC2000,RUNNING,P15AWAE21,2200,048TPAW103,AAW048TP1008B,2021/4/17 4:15,MXIC,TSOP1-48/M2
BB788,UTC2000,RUNNING,P15ABCP03,2200,162KEAB011,AAB162KE1006A,2021/4/17 9:24,WINBOND,STBGA162B4U
BB789,UTC2000,RUNNING,P15CDA309,2200,054TNCD021,ACD054TN1001A,2021/4/17 12:12,ETRON,TSOP2-54ME
BB790,UTC2000,RUNNING,P15AWAF19,2200,048TPAW103,AAW048TP1008B,2021/4/17 18:40,MXIC,TSOP1-48/M2
BB791,UTC2000,RUNNING,P15SSBA04,2200,153XTSS007,ASS153XT9006A,2021/4/18 4:25,HOSIN,SSBGA153JAU
BB801,MAXUM,RUNNING,P07VEAA19,2200,008YDVE004,AVE008YD2002A,2021/4/17 8:15,Everspin,STDFN-08YD2E
BB802,MAXUM,WAIT-REPAIR,,,,AAS008YQ2001B,,,
BB803,MAXUM,RUNNING,P15ASDL20,2200,008YQAS018,AAS008YQ2002B,2021/4/17 11:18,EliteMT,DFN-08YQ2A
BB804,MAXUM,RUNNING,P12ASAK08,2200,008FGAS006,AAS008FG1009A,2021/4/17 16:21,EliteMT,SOP-8G
BB805,MAXUM,RUNNING,P14ASD503,2200,096ELAS038,AAS096EL1007A,2021/4/18 0:19,EliteMT,FBGA-96UEL
BB806,MAXUM,RUNNING,P11ASB413,2200,066TSAS015,AAS066TS1005B,2021/4/17 11:01,EliteMT,TSOP2-66CME
BB807,MAXUM,RUNNING,P13ASDM03,2200,008FGAS020,AAS008FG1013A,2021/4/17 16:27,EliteMT,SOP-8G
BB808,MAXUM,RUNNING,P14ASD306,2200,096ELAS038,AAS096EL1007A,2021/4/17 4:45,EliteMT,FBGA-96UEL
BB809,MAXUM,RUNNING,P11ASB610,2200,066TSAS015,AAS066TS1005B,2021/4/17 11:42,EliteMT,TSOP2-66CME
BB810,MAXUM,RUNNING,P15VGAR06,2200,008YMVG003,ABU008YM2002A,2021/4/17 13:16,ISSI-VG,DFN-08YM2D
BB811,MAXUM,RUNNING,P15ASA201,2200,096ELAS038,AAS096EL1007A,2021/4/17 6:01,EliteMT,FBGA-96UEL
BB812,MAXUM,RUNNING,P15SSBF02,2200,153XTSS007,ASS153XT9006A,2021/4/17 11:32,HOSIN,SSBGA153JAU
BB813,MAXUM,RUNNING,P11ASB604,2200,066TSAS015,AAS066TS1005B,2021/4/17 15:37,EliteMT,TSOP2-66CME
BB814,MAXUM,RUNNING,P16MSBK01,2200,096ECMS010,AMS096EC3001B,2021/4/17 17:45,MTI,FBGA-96UEC
BB815,MAXUM,RUNNING,P14NVTH02,2200,169XNNV002,ANV169XN6002A,2021/4/17 13:36,PHISON,STBGA169D4V
BB816,MAXUM,RUNNING,P14ASD203,2200,096ELAS038,AAS096EL1007A,2021/4/17 16:58,EliteMT,FBGA-96UEL
BB817,MAXUM,RUNNING,P15ABH702,2200,008YBAB012,AAB008YB2003A,2021/4/17 11:15,WINBOND,DFN-08YB2G
BB818,MAXUM,RUNNING,P11ASB607,2200,066TSAS015,AAS066TS1005B,2021/4/17 23:31,EliteMT,TSOP2-66CME
BB819,MAXUM,RUNNING,P11ASFB05,2200,048TPAS007,AAS048TP2030A,2021/4/17 10:35,EliteMT,TSOP1-48/48M
BB821,MAXUM,RUNNING,P14ABP406,2200,008YQAB085,AAB008YQ2034A,2021/4/17 11:16,WINBOND,STDFN-08YQ2A
BB822,MAXUM,RUNNING,P14ABD303,2200,008YQAB090,AAB008YQ2039B,2021/4/17 15:58,WINBOND,STDFN-08YQ2A
BB823,MAXUM,RUNNING,P16MSBK03,2200,096ECMS010,AMS096EC3001B,2021/4/18 4:13,MTI,FBGA-96UEC
BB824,MAXUM,RUNNING,P13GAA305,2200,054NBGA028,AGA054NB1006A,2021/4/17 12:52,FIDELIX,VFBGA54B4L
BB825,MAXUM,RUNNING,P16ABB704,2200,008Y6AB024,AAB008Y62010A,2021/4/17 5:26,WINBOND,DFN-08Y62D
BB826,MAXUM,RUNNING,P15SSBA06,2200,153XTSS007,ASS153XT9006A,2021/4/18 4:22,HOSIN,SSBGA153JAU
BB827,MAXUM,RUNNING,P15SSB704,2200,153XTSS007,ASS153XT9006A,2021/4/17 7:25,HOSIN,SSBGA153JAU
BB828,MAXUM,RUNNING,P15SSBF01,2200,153XTSS007,ASS153XT9006A,2021/4/17 7:59,HOSIN,SSBGA153JAU
BB831,MAXUM,RUNNING,P06ASF702,2200,048TGAS017,AAS048TG2003A,2021/4/17 9:01,EliteMT,TSOP1-48/48
BB832,MAXUM,RUNNING,P06ASF710,2200,048TGAS017,AAS048TG2003A,2021/4/17 11:03,EliteMT,TSOP1-48/48
BB833,MAXUM,RUNNING,P13ASDM11,2200,008FGAS020,AAS008FG1013A,2021/4/17 16:29,EliteMT,SOP-8G
BB834,MAXUM,RUNNING,P14ABMN11,2200,008YQAB021,AAB008YQ2003A,2021/4/17 12:25,WINBOND,DFN-08YQ2A
BB835,MAXUM,RUNNING,P11ASB605,2200,066TSAS015,AAS066TS1005B,2021/4/17 12:41,EliteMT,TSOP2-66CME
BB836,MAXUM,RUNNING,P11ASFB01,2200,048TPAS007,AAS048TP2030A,2021/4/17 12:49,EliteMT,TSOP1-48/48M
BB837,MAXUM,RUNNING,P14NVTH20,2200,169XNNV002,ANV169XN6002A,2021/4/17 12:46,PHISON,STBGA169D4V
BB838,MAXUM,RUNNING,P15ABH701,2200,008YBAB012,AAB008YB2003A,2021/4/17 11:27,WINBOND,DFN-08YB2G
BB839,MAXUM,RUNNING,P15ABH602,2200,008YBAB012,AAB008YB2003A,2021/4/17 13:23,WINBOND,DFN-08YB2G
BB840,MAXUM,RUNNING,P15ASEI10,2200,008YQAS021,AAS008YQ2001B,2021/4/17 10:37,EliteMT,DFN-08YQ2A
BB841,MAXUM,RUNNING,P11ASFA16,2200,048TPAS007,AAS048TP2030A,2021/4/17 5:09,EliteMT,TSOP1-48/48M
BB842,MAXUM,RUNNING,P15SSB608,2200,153XTSS007,ASS153XT9006A,2021/4/17 1:03,HOSIN,SSBGA153JAU
BB843,MAXUM,RUNNING,P06ASF718,2200,048TGAS017,AAS048TG2003A,2021/4/17 13:29,EliteMT,TSOP1-48/48
BB844,MAXUM,RUNNING,P16SSC105,2200,153XTSS007,ASS153XT9006A,2021/4/18 5:34,HOSIN,SSBGA153JAU
BB845,MAXUM,RUNNING,P14NVTH09,2200,169XNNV002,ANV169XN6002A,2021/4/17 3:06,PHISON,STBGA169D4V
BB846,MAXUM,RUNNING,P06ASF703,2200,048TGAS017,AAS048TG2003A,2021/4/17 13:22,EliteMT,TSOP1-48/48
BB847,MAXUM,QC,,,,AAS048TG2007A,,,
BB848,MAXUM,RUNNING,P16MSBD07,2200,096ECMS010,AMS096EC3001B,2021/4/17 12:26,MTI,FBGA-96UEC
BB849,MAXUM,RUNNING,P14ASAW03,2200,048TGAS014,AAS048TG2007A,2021/4/17 11:26,EliteMT,TSOP1-48/48
BB850,MAXUM,RUNNING,P14ABMN12,2200,008YQAB021,AAB008YQ2003A,2021/4/17 13:23,WINBOND,DFN-08YQ2A
BB851,MAXUM,RUNNING,P11ASB412,2200,066TSAS015,AAS066TS1005B,2021/4/17 17:15,EliteMT,TSOP2-66CME
BB852,MAXUM,ENG,,,,AAS008YQ9003A,2021/4/17 8:39,,
BB853,MAXUM,RUNNING,P14ASD506,2200,096ELAS038,AAS096EL1007A,2021/4/17 21:31,EliteMT,FBGA-96UEL
BB854,MAXUM,RUNNING,P15ABK604,2200,008YBAB016,AAB008YB2007A,2021/4/17 10:39,WINBOND,DFN-08YB2G
BB855,MAXUM,RUNNING,P14ASAW06,2200,048TGAS014,AAS048TG2007A,2021/4/17 1:50,EliteMT,TSOP1-48/48
BB856,MAXUM,RUNNING,P11ASB603,2200,066TSAS015,AAS066TS1005B,2021/4/17 22:11,EliteMT,TSOP2-66CME
BB857,MAXUM,RUNNING,P16SSC401,2200,153XTSS007,ASS153XT9006A,2021/4/18 14:55,HOSIN,SSBGA153JAU
BB858,MAXUM,RUNNING,P15ASB501,2200,084UCAS104,AAS084CC2011A,2021/4/18 0:08,EliteMT,FBGA-84UC
BB859,MAXUM,RUNNING,P12ASAK09,2200,008FGAS006,AAS008FG1009A,2021/4/17 12:32,EliteMT,SOP-8G
BB860,MAXUM,RUNNING,P11ASFB02,2200,048TPAS007,AAS048TP2030A,2021/4/17 9:59,EliteMT,TSOP1-48/48M
BB861,MAXUM,RUNNING,P15SSB806,2200,153XTSS007,ASS153XT9006A,2021/4/17 16:09,HOSIN,SSBGA153JAU
BB862,MAXUM,RUNNING,P15ABK614,2200,008YBAB016,AAB008YB2007A,2021/4/17 15:01,WINBOND,DFN-08YB2G
BB863,MAXUM,RUNNING,P14ABD101,2200,008YQAB090,AAB008YQ2039B,2021/4/17 10:04,WINBOND,STDFN-08YQ2A
BB864,MAXUM,RUNNING,P14NVTH08,2200,169XNNV002,ANV169XN6002A,2021/4/17 10:47,PHISON,STBGA169D4V
BB865,MAXUM,RUNNING,P11ASFB04,2200,048TPAS007,AAS048TP2030A,2021/4/17 14:24,EliteMT,TSOP1-48/48M
BB866,MAXUM,RUNNING,P14ASD101,2200,096ELAS038,AAS096EL1007A,2021/4/18 3:25,EliteMT,FBGA-96UEL
BB867,MAXUM,RUNNING,P14NVTH25,2200,169XNNV002,ANV169XN6002A,2021/4/17 11:11,PHISON,STBGA169D4V
BB868,MAXUM,SETUP,P14ASD601,2200,096ELAS038,AAS096EL1007A,2021/4/17 9:38,EliteMT,FBGA-96UEL
BB869,MAXUM,RUNNING,P14NVTH62,2200,169XNNV002,ANV169XN6002A,2021/4/17 8:31,PHISON,STBGA169D4V
BB870,MAXUM,RUNNING,P14ASD501,2200,096ELAS038,AAS096EL1007A,2021/4/17 21:04,EliteMT,FBGA-96UEL
BB871,MAXUM,RUNNING,P15BWG209,2200,036ABBW009,ABW036AB1004A,2021/4/17 9:28,AKM,QFN-36AB1
BB872,MAXUM,RUNNING,P15VGA314,2200,008YDVG005,ABU008YD2001A,2021/4/17 6:04,ISSI-VG,DFN-08YD2A
BB873,MAXUM,RUNNING,P15SSB803,2200,153XTSS007,ASS153XT9006A,2021/4/17 12:40,HOSIN,SSBGA153JAU
BB874,MAXUM,RUNNING,P13ASDL10,2200,008FGAS020,AAS008FG1013A,2021/4/17 15:16,EliteMT,SOP-8G
BB875,MAXUM,RUNNING,P16ABB706,2200,008Y6AB024,AAB008Y62010A,2021/4/17 14:10,WINBOND,DFN-08Y62D
BB876,MAXUM,RUNNING,P14NVTH10,2200,169XNNV002,ANV169XN6002A,2021/4/17 12:24,PHISON,STBGA169D4V
BB877,MAXUM,RUNNING,P11ASB405,2200,066TSAS015,AAS066TS1005B,2021/4/17 14:43,EliteMT,TSOP2-66CME
BB878,MAXUM,RUNNING,P14ASD508,2200,096ELAS038,AAS096EL1007A,2021/4/17 22:17,EliteMT,FBGA-96UEL
BB879,MAXUM,RUNNING,P15SSB802,2200,153XTSS007,ASS153XT9006A,2021/4/17 3:46,HOSIN,SSBGA153JAU
BB880,MAXUM,RUNNING,P15ASDL24,2200,008YQAS018,AAS008YQ2002B,2021/4/17 11:28,EliteMT,DFN-08YQ2A
BB881,MAXUM,RUNNING,P13ASDM04,2200,008FGAS020,AAS008FG1013A,2021/4/17 11:10,EliteMT,SOP-8G
BB882,MAXUM,RUNNING,P16MSBC02,2200,096ECMS010,AMS096EC3001B,2021/4/17 20:51,MTI,FBGA-96UEC
BB883,MAXUM,RUNNING,P15VGA321,2200,008YDVG005,ABU008YD2001A,2021/4/17 9:21,ISSI-VG,DFN-08YD2A
BB884,MAXUM,RUNNING,P13ASDJ11,2200,008FGAS020,AAS008FG1013A,2021/4/17 15:59,EliteMT,SOP-8G
BB885,MAXUM,RUNNING,P14ABAG01,2200,008YQAB085,AAB008YQ2034A,2021/4/17 15:38,WINBOND,STDFN-08YQ2A
BB886,MAXUM,RUNNING,P12ASAL05,2200,008FGAS006,AAS008FG1009A,2021/4/17 16:06,EliteMT,SOP-8G
BB887,MAXUM,RUNNING,P14ASD507,2200,096ELAS038,AAS096EL1007A,2021/4/18 4:22,EliteMT,FBGA-96UEL
BB888,MAXUM,RUNNING,P15BWG205,2200,036ABBW009,ABW036AB1004A,2021/4/17 10:10,AKM,QFN-36AB1
BB889,MAXUM,RUNNING,P13ASDJ13,2200,008FGAS020,AAS008FG1013A,2021/4/17 15:01,EliteMT,SOP-8G
BB890,MAXUM,RUNNING,P11ASB601,2200,066TSAS015,AAS066TS1005B,2021/4/17 18:21,EliteMT,TSOP2-66CME
BB891,MAXUM,SETUP,P07VEAA21,2200,008YDVE004,AVE008YD2002A,2021/4/17 9:29,Everspin,STDFN-08YD2E
BB892,MAXUM,RUNNING,P16SSC103,2200,153XTSS007,ASS153XT9006A,2021/4/18 14:02,HOSIN,SSBGA153JAU
BB893,MAXUM,RUNNING,P16MSBC01,2200,096ECMS010,AMS096EC3001B,2021/4/18 3:58,MTI,FBGA-96UEC
BB894,MAXUM,RUNNING,P11ASB611,2200,066TSAS015,AAS066TS1005B,2021/4/17 16:21,EliteMT,TSOP2-66CME
BB895,MAXUM,RUNNING,P16SSC106,2200,153XTSS007,ASS153XT9006A,2021/4/18 11:29,HOSIN,SSBGA153JAU
BB896,MAXUM,RUNNING,P16SSC101,2200,153XTSS007,ASS153XT9006A,2021/4/18 4:58,HOSIN,SSBGA153JAU
BB897,MAXUM,RUNNING,P15BWG211,2200,036ABBW009,ABW036AB1004A,2021/4/17 14:44,AKM,QFN-36AB1
BB898,MAXUM,RUNNING,P12ASAK10,2200,008FGAS006,AAS008FG1009A,2021/4/17 13:50,EliteMT,SOP-8G
BB899,MAXUM,RUNNING,P11ASB606,2200,066TSAS015,AAS066TS1005B,2021/4/17 21:34,EliteMT,TSOP2-66CME
BB900,MAXUM,RUNNING,P15VGAJ10,2200,008YDVG010,ABU008YD2002A,2021/4/17 12:31,ISSI-VG,DFN-08YD2A
BB901,MAXUM,RUNNING,P14ASD206,2200,096ELAS038,AAS096EL1007A,2021/4/17 6:56,EliteMT,FBGA-96UEL
BB902,MAXUM,RUNNING,P11ASFA24,2200,048TPAS007,AAS048TP2030A,2021/4/17 9:08,EliteMT,TSOP1-48/48M
BB903,MAXUM,RUNNING,P11ASES04,2200,048MAAS008,AAS048MAB006A,2021/4/18 5:58,EliteMT,MINIBGA48J3U
BB904,MAXUM,SETUP,,,,AAS008FG1013A,2021/4/17 8:28,,
BB905,MAXUM,RUNNING,P15SSB903,2200,153XTSS007,ASS153XT9006A,2021/4/17 12:53,HOSIN,SSBGA153JAU
BB906,MAXUM,RUNNING,P12ASAL04,2200,008FGAS006,AAS008FG1009A,2021/4/17 12:32,EliteMT,SOP-8G
BB907,MAXUM,RUNNING,P14NVTH03,2200,169XNNV002,ANV169XN6002A,2021/4/17 13:50,PHISON,STBGA169D4V
BB908,MAXUM,RUNNING,P16ABB703,2200,008Y6AB024,AAB008Y62010A,2021/4/17 16:51,WINBOND,DFN-08Y62D
BB909,MAXUM,RUNNING,P09VEH210,2200,008YDVE002,AVE008YD2001A,2021/4/17 8:58,Everspin,STDFN-08YD2E
BB910,MAXUM,SETUP,,,,AMS096EC3001B,2021/4/17 10:30,,
BB911,MAXUM,RUNNING,P12ASAK02,2200,008FGAS006,AAS008FG1009A,2021/4/17 8:42,EliteMT,SOP-8G
BB912,MAXUM,RUNNING,P14ABAG04,2200,008YQAB085,AAB008YQ2034A,2021/4/17 7:47,WINBOND,STDFN-08YQ2A
BB913,MAXUM,QC,,,,AMS096EC3001B,,,
BB914,MAXUM,RUNNING,P15AWEK06,2200,008YMAW020,AAW008YM2004A,2021/4/17 0:54,MXIC,DFN-08YM2D
BB915,MAXUM,RUNNING,P13ASDL08,2200,008FGAS020,AAS008FG1013A,2021/4/17 14:01,EliteMT,SOP-8G
BB916,MAXUM,RUNNING,P16MSBD02,2200,096ECMS010,AMS096EC3001B,2021/4/17 16:42,MTI,FBGA-96UEC
BB917,MAXUM,RUNNING,P11ASB609,2200,066TSAS015,AAS066TS1005B,2021/4/17 20:20,EliteMT,TSOP2-66CME
BB918,MAXUM,RUNNING,P15SSB807,2200,153XTSS007,ASS153XT9006A,2021/4/17 12:52,HOSIN,SSBGA153JAU
BB919,MAXUM,RUNNING,P13GAA307,2200,054NBGA028,AGA054NB1006A,2021/4/17 13:51,FIDELIX,VFBGA54B4L
BB920,MAXUM,RUNNING,P13ASDJ14,2200,008FGAS020,AAS008FG1013A,2021/4/17 12:38,EliteMT,SOP-8G
BB921,MAXUM,RUNNING,P14ASD505,2200,096ELAS038,AAS096EL1007A,2021/4/18 0:58,EliteMT,FBGA-96UEL
BB922,MAXUM,RUNNING,P14NVTH26,2200,169XNNV002,ANV169XN6002A,2021/4/17 2:33,PHISON,STBGA169D4V
BB923,MAXUM,RUNNING,P16MSBQ01,2200,096ECMS010,AMS096EC3001B,2021/4/17 18:52,MTI,FBGA-96UEC
BB924,MAXUM,RUNNING,P15SSB702,2200,153XTSS007,ASS153XT9006A,2021/4/16 22:30,HOSIN,SSBGA153JAU
BB925,MAXUM,RUNNING,P11ASHN04,2200,048MAAS006,AAS048MAB005A,2021/4/18 0:43,EliteMT,MINIBGA48J3U
BB926,MAXUM,RUNNING,P06ASF625,2200,048TGAS017,AAS048TG2003A,2021/4/17 12:38,EliteMT,TSOP1-48/48
BB929,MAXUM,RUNNING,P15ASEI03,2200,008YQAS021,AAS008YQ2001B,2021/4/17 9:40,EliteMT,DFN-08YQ2A
BB930,MAXUM,RUNNING,P11ASB409,2200,066TSAS015,AAS066TS1005B,2021/4/17 11:55,EliteMT,TSOP2-66CME
BB931,MAXUM,SETUP,P15ASB502,2200,084UCAS104,AAS084CC2011A,2021/4/17 9:08,EliteMT,FBGA-84UC
BB932,MAXUM,RUNNING,P13ASDM02,2200,008FGAS020,AAS008FG1013A,2021/4/17 11:14,EliteMT,SOP-8G
BB933,MAXUM,RUNNING,P14NVTH24,2200,169XNNV002,ANV169XN6002A,2021/4/17 11:44,PHISON,STBGA169D4V
BB938,MAXUM,RUNNING,P16SSC104,2200,153XTSS007,ASS153XT9006A,2021/4/18 5:55,HOSIN,SSBGA153JAU
BBA01,ICONN,RUNNING,P12HQH907,2200,0415LHQ012,AHQ0415L1003B,2021/4/17 23:06,EMC,FPSSLGA41FRV
BBA02,ICONN,RUNNING,P13HQJR01,2200,0282JHQ031,AHQ0282J2006A,2021/4/17 16:34,EMC,FPSSLGA28r6V
BBA03,ICONN,RUNNING,P14GJB304,3200,252X2GJ006,AGJ252X20003A,2021/4/17 16:01,A-DATA,STBGA252C4V
BBA04,ICONN,RUNNING,P12HQH906,2200,0415LHQ012,AHQ0415L1003B,2021/4/18 4:00,EMC,FPSSLGA41FRV
BBA05,ICONN,RUNNING,P13HQJU14,2200,0442JHQ016,AHQ0442J3003A,2021/4/17 9:22,EMC,FPSTLGA44tBV
BBA06,ICONN,RUNNING,P14HQKC14,2200,0442JHQ016,AHQ0442J3003A,2021/4/17 15:57,EMC,FPSTLGA44tBV
BBA07,ICONN,RUNNING,P14HQKC04,2200,0442JHQ016,AHQ0442J3003A,2021/4/17 16:57,EMC,FPSTLGA44tBV
BBA08,ICONN,RUNNING,P14GJB305,3200,252X2GJ006,AGJ252X20003A,2021/4/17 18:52,A-DATA,STBGA252C4V
BBA09,ICONN,RUNNING,P12HQH910,2200,0415LHQ012,AHQ0415L1003B,2021/4/18 4:09,EMC,FPSSLGA41FRV
BBA10,ICONN,RUNNING,P06ASF713,2200,048TGAS017,AAS048TG2003A,2021/4/17 10:47,EliteMT,TSOP1-48/48
BBA11,ICONN,RUNNING,P15NVU602,2200,153XTNV044,ANV153XT8022A,2021/4/18 6:02,PHISON,SSBGA153HEV
BBA12,ICONN,RUNNING,P12HQGZ09,2200,0415LHQ012,AHQ0415L1003B,2021/4/17 22:42,EMC,FPSSLGA41FRV
BBA13,ICONN,RUNNING,P13HQJR02,2200,0282JHQ031,AHQ0282J2006A,2021/4/17 18:23,EMC,FPSSLGA28r6V
BBA14,ICONN,RUNNING,P06ASF708,2200,048TGAS017,AAS048TG2003A,2021/4/17 7:57,EliteMT,TSOP1-48/48
BBA15,ICONN,RUNNING,P13HQJR04,2200,0282JHQ031,AHQ0282J2006A,2021/4/17 14:59,EMC,FPSSLGA28r6V
BBA16,ICONN,SETUP,P13HQJV13,2200,0442JHQ016,AHQ0442J3003A,2021/4/17 9:34,EMC,FPSTLGA44tBV
BBA17,ICONN,RUNNING,P12HQH916,2200,0415LHQ012,AHQ0415L1003B,2021/4/17 20:36,EMC,FPSSLGA41FRV
BBA18,ICONN,RUNNING,P06ASF705,2200,048TGAS017,AAS048TG2003A,2021/4/17 10:41,EliteMT,TSOP1-48/48
BBA19,ICONN,RUNNING,P15NICO01,2200,020YUNI024,ANI020YU1005C,2021/4/17 11:16,DIALOG,QFN-20YU2D
BBA20,ICONN,RUNNING,P14GJB303,3200,252X2GJ006,AGJ252X20003A,2021/4/17 19:48,A-DATA,STBGA252C4V
BBA22,ICONN,RUNNING,P06ASF724,2200,048TGAS017,AAS048TG2003A,2021/4/17 11:09,EliteMT,TSOP1-48/48
BBA23,ICONN,RUNNING,P13HQJR03,2200,0282JHQ031,AHQ0282J2006A,2021/4/18 2:34,EMC,FPSSLGA28r6V
BBA24,ICONN,RUNNING,P15NICQ01,2200,020YUNI024,ANI020YU1005C,2021/4/17 20:56,DIALOG,QFN-20YU2D
BBA25,ICONN,RUNNING,P15NVUB02,2200,153XTNV045,ANV153XT8021A,2021/4/18 6:05,PHISON,STBGA153HEV
BBA26,ICONN,RUNNING,P12HQH912,2200,0415LHQ012,AHQ0415L1003B,2021/4/18 2:29,EMC,FPSSLGA41FRV
BBA27,ICONN,RUNNING,P15NVU603,2200,153XTNV044,ANV153XT8022A,2021/4/17 8:19,PHISON,SSBGA153HEV
BBA28,ICONN,RUNNING,P14HQKC13,2200,0442JHQ016,AHQ0442J3003A,2021/4/17 15:57,EMC,FPSTLGA44tBV
BBA29,ICONN,RUNNING,P13HQJR10,2200,0282JHQ031,AHQ0282J2006A,2021/4/17 16:51,EMC,FPSSLGA28r6V
BBA30,ICONN,RUNNING,P12HQH915,2200,0415LHQ012,AHQ0415L1003B,2021/4/18 2:39,EMC,FPSSLGA41FRV
BBA31,ICONN,RUNNING,P13HQJV15,2200,0442JHQ016,AHQ0442J3003A,2021/4/17 14:47,EMC,FPSTLGA44tBV
BBB01,UTC2000,RUNNING,P16MSA101,2200,096EEMS006,AMS096EE2001A,2021/4/17 22:58,MTI,FBGA-96UEE
BBB02,UTC2000,RUNNING,P15NVU427,2200,132X2NV024,ANV132X25006B,2021/4/17 20:19,PHISON,STBGA132G4U
BBB03,UTC2000,RUNNING,P15VGAI13,2200,024MAVG011,ABU024MA6010A,2021/4/17 10:12,ISSI-VG,MBGA24J4U
BBB04,UTC2000,RUNNING,P12AWF305,2200,016D5AW020,AAW016D53011A,2021/4/17 18:23,MXIC,SSLGA16DOU
BBB05,UTC2000,RUNNING,P15ABJB07,2200,060NRAB005,AAB060NR1004B,2021/4/18 3:27,WINBOND,VFBGA60B4L
BBB06,UTC2000,RUNNING,P15NVU338,2200,132X2NV024,ANV132X25006B,2021/4/17 12:44,PHISON,STBGA132G4U
BBB07,UTC2000,QC,,,,ANV132X25006B,,,
BBB08,UTC2000,RUNNING,P14AWDV46,2200,048TPAW086,AAW048TP1041B,2021/4/17 18:51,MXIC,TSOP1-48/M2
BBB09,UTC2000,RUNNING,P15HDA203,2200,048MAHD001,AHD048MA4002A,2021/4/17 15:42,CHIPLUS,MBGA48A2L
BBB10,UTC2000,RUNNING,P15ABCP08,2200,162KEAB011,AAB162KE1006A,2021/4/17 13:22,WINBOND,STBGA162B4U
BBB11,UTC2000,RUNNING,P15ABIW05,2200,060EMAB003,AAB060EM2002A,2021/4/18 5:17,WINBOND,FBGA60UEM2-1
BBB12,UTC2000,RUNNING,P15NVU339,2200,132X2NV024,ANV132X25006B,2021/4/18 1:07,PHISON,STBGA132G4U
BBB13,UTC2000,RUNNING,P15AWAF46,2200,048TPAW103,AAW048TP1008B,2021/4/17 17:32,MXIC,TSOP1-48/M2
BBB14,UTC2000,RUNNING,P15ABJ603,2200,060NRAB005,AAB060NR1004B,2021/4/17 14:09,WINBOND,VFBGA60B4L
BBB15,UTC2000,RUNNING,P15SSBF07,2200,153XTSS007,ASS153XT9006A,2021/4/17 5:06,HOSIN,SSBGA153JAU
BBB16,UTC2000,RUNNING,P15ABCP06,2200,162KEAB011,AAB162KE1006A,2021/4/17 13:33,WINBOND,STBGA162B4U
BBB17,UTC2000,RUNNING,P15MSJ206,2200,096ECMS010,AMS096EC3001B,2021/4/17 20:04,MTI,FBGA-96UEC
BBB18,UTC2000,RUNNING,P15AWBN11,2200,016D5AW011,AAW016D53004A,2021/4/17 19:59,MXIC,SSLGA16DOU
BBB19,UTC2000,RUNNING,P12AWF301,2200,016D5AW020,AAW016D53011A,2021/4/17 22:51,MXIC,SSLGA16DOU
BBB20,UTC2000,RUNNING,P14AWE912,2200,016D5AW011,AAW016D53004A,2021/4/17 11:36,MXIC,SSLGA16DOU
BBB21,UTC2000,RUNNING,P14AWDZ13,2200,048TPAW086,AAW048TP1041B,2021/4/17 16:30,MXIC,TSOP1-48/M2
BBB22,UTC2000,RUNNING,P16MSA201,2200,096EEMS006,AMS096EE2001A,2021/4/17 8:58,MTI,FBGA-96UEE
BBB23,UTC2000,WAIT-SETUP,P14AWDZ04,2200,048TPAW086,AAW048TP1041B,2021/4/17 11:22,MXIC,TSOP1-48/M2
BBB24,UTC2000,RUNNING,P14AWDZ11,2200,048TPAW086,AAW048TP1041B,2021/4/17 18:23,MXIC,TSOP1-48/M2
BBB25,UTC2000,RUNNING,P14ABQM11,2200,162KEAB004,AAB162KE1002A,2021/4/17 23:34,WINBOND,STBGA162B4U
BBB26,UTC2000,RUNNING,P15ABIW03,2200,060EMAB003,AAB060EM2002A,2021/4/18 3:48,WINBOND,FBGA60UEM2-1
BBB27,UTC2000,RUNNING,P15ABJ601,2200,060NRAB005,AAB060NR1004B,2021/4/17 20:48,WINBOND,VFBGA60B4L
BBB28,UTC2000,RUNNING,P12AWF304,2200,016D5AW020,AAW016D53011A,2021/4/17 22:08,MXIC,SSLGA16DOU
BBB29,UTC2000,WAIT-SETUP,P14AWE909,2200,016D5AW011,AAW016D53004A,2021/4/17 10:51,MXIC,SSLGA16DOU
BBB30,UTC2000,RUNNING,P15CDA306,2200,054TNCD021,ACD054TN1001A,2021/4/17 14:05,ETRON,TSOP2-54ME
BBB31,UTC2000,RUNNING,P15AWAG10,2200,048TPAW103,AAW048TP1008B,2021/4/17 19:58,MXIC,TSOP1-48/M2
BBB32,UTC2000,RUNNING,P13ULA601,2200,200KXUL001,AUL200KX1001A,2021/4/17 10:25,SCS,STBGA200DDP
BBB33,UTC2000,RUNNING,P14AWDV30,2200,048TPAW086,AAW048TP1041B,2021/4/17 13:37,MXIC,TSOP1-48/M2
BBB34,UTC2000,RUNNING,P15AWBN08,2200,016D5AW011,AAW016D53004A,2021/4/17 23:43,MXIC,SSLGA16DOU
BBB35,UTC2000,RUNNING,P15NVU401,2200,132X2NV024,ANV132X25006B,2021/4/17 12:42,PHISON,STBGA132G4U
BBB36,UTC2000,RUNNING,P14AWDV48,2200,048TPAW086,AAW048TP1041B,2021/4/17 10:40,MXIC,TSOP1-48/M2
BBC01,MAXUM-PLUS,RUNNING,P15MSBL09,2200,078ENMS009,AMS078EN1001A,2021/4/17 21:08,MTI,FBGA-78UEN
BBC02,MAXUM-PLUS,IN-REPAIR,P15MSHL01,2200,096ECMS003,AMS096EC1002A,2021/4/17 12:45,MTI,FBGA-96UEC
BBC03,MAXUM-PLUS,WAIT-SETUP,,,,AMS078EN1001A,,,
BBC04,MAXUM-PLUS,RUNNING,P15MSEH03,2200,078ENMS009,AMS078EN1001A,2021/4/17 20:33,MTI,FBGA-78UEN
BBC05,MAXUM-PLUS,RUNNING,P15MSEB04,2200,078ENMS009,AMS078EN1001A,2021/4/17 14:16,MTI,FBGA-78UEN
BBC06,MAXUM-PLUS,RUNNING,P15MSBQ03,2200,078U9MS017,AMS078C93001B,2021/4/18 2:10,MTI,FBGA-78U9
BBC07,MAXUM-PLUS,RUNNING,P15MSEF09,2200,078ENMS009,AMS078EN1001A,2021/4/17 19:08,MTI,FBGA-78UEN
BBC08,MAXUM-PLUS,RUNNING,P15MSCP01,2200,096EFMS002,AMS096EF2001A,2021/4/17 21:15,MTI,FBGA-96UEF
BBC09,MAXUM-PLUS,RUNNING,P15MSBK05,2200,078ENMS009,AMS078EN1001A,2021/4/17 14:20,MTI,FBGA-78UEN
BBC10,MAXUM-PLUS,RUNNING,P15MSGB04,2200,078U9MS017,AMS078C93001B,2021/4/17 22:23,MTI,FBGA-78U9
BBC11,MAXUM-PLUS,RUNNING,P15MSCP06,2200,096EFMS002,AMS096EF2001A,2021/4/17 16:34,MTI,FBGA-96UEF
BBC12,MAXUM-PLUS,RUNNING,P15MSEN08,2200,078ENMS009,AMS078EN1001A,2021/4/17 21:37,MTI,FBGA-78UEN
BBC13,MAXUM-PLUS,RUNNING,P15MSEF04,2200,078ENMS009,AMS078EN1001A,2021/4/17 9:57,MTI,FBGA-78UEN
BBC14,MAXUM-PLUS,RUNNING,P15MSGB03,2200,078U9MS017,AMS078C93001B,2021/4/18 0:01,MTI,FBGA-78U9
BBC15,MAXUM-PLUS,RUNNING,P15MSEE04,2200,078ENMS009,AMS078EN1001A,2021/4/18 2:09,MTI,FBGA-78UEN
BBC16,MAXUM-PLUS,RUNNING,P15MSBP09,2200,078ENMS009,AMS078EN1001A,2021/4/17 13:00,MTI,FBGA-78UEN
BBC17,MAXUM-PLUS,RUNNING,P15MSCU02,2200,078U9MS017,AMS078C93001B,2021/4/17 13:58,MTI,FBGA-78U9
BBC18,MAXUM-PLUS,RUNNING,P15MSEE08,2200,078ENMS009,AMS078EN1001A,2021/4/17 23:37,MTI,FBGA-78UEN
BBC19,MAXUM-PLUS,RUNNING,P15MSJ403,2200,078EPMS002,AMS078EP1001A,2021/4/17 13:29,MTI,FBGA-78UEP
BBC20,MAXUM-PLUS,RUNNING,P16MSAJ01,2200,078U9MS017,AMS078C93001B,2021/4/17 9:15,MTI,FBGA-78U9
BBC21,MAXUM-PLUS,RUNNING,P15MSJ404,2200,078EPMS002,AMS078EP1001A,2021/4/17 13:19,MTI,FBGA-78UEP
BBC22,MAXUM-PLUS,RUNNING,P15MSBL03,2200,078ENMS009,AMS078EN1001A,2021/4/17 9:30,MTI,FBGA-78UEN
BBC23,MAXUM-PLUS,RUNNING,P15MSJ304,2200,078EPMS002,AMS078EP1001A,2021/4/17 22:48,MTI,FBGA-78UEP
BBC24,MAXUM-PLUS,RUNNING,P15MSEE05,2200,078ENMS009,AMS078EN1001A,2021/4/17 22:44,MTI,FBGA-78UEN
BBC25,MAXUM-PLUS,RUNNING,P16MSAS02,2200,078U9MS017,AMS078C93001B,2021/4/17 18:18,MTI,FBGA-78U9
BBC26,MAXUM-PLUS,RUNNING,P16MSAL01,2200,078U9MS017,AMS078C93001B,2021/4/17 23:26,MTI,FBGA-78U9
BBC27,MAXUM-PLUS,RUNNING,P15MSHK01,2200,096ECMS003,AMS096EC1002A,2021/4/17 13:48,MTI,FBGA-96UEC
BBC28,MAXUM-PLUS,RUNNING,P15MSBK04,2200,078ENMS009,AMS078EN1001A,2021/4/17 14:02,MTI,FBGA-78UEN
BBC29,MAXUM-PLUS,RUNNING,P16MSAL02,2200,078U9MS017,AMS078C93001B,2021/4/17 20:20,MTI,FBGA-78U9
BBC30,MAXUM-PLUS,RUNNING,P15MSCP05,2200,096EFMS002,AMS096EF2001A,2021/4/17 15:14,MTI,FBGA-96UEF
BBC31,MAXUM-PLUS,RUNNING,P15MSCZ02,2200,078U9MS017,AMS078C93001B,2021/4/17 22:21,MTI,FBGA-78U9
BBC32,MAXUM-PLUS,RUNNING,P15MSEN09,2200,078ENMS009,AMS078EN1001A,2021/4/17 13:56,MTI,FBGA-78UEN
BBC33,MAXUM-PLUS,RUNNING,P15MSEB08,2200,078ENMS009,AMS078EN1001A,2021/4/18 0:05,MTI,FBGA-78UEN
BBC34,MAXUM-PLUS,RUNNING,P15MSCU01,2200,078U9MS017,AMS078C93001B,2021/4/17 19:26,MTI,FBGA-78U9
BBC35,MAXUM-PLUS,RUNNING,P15MSEF08,2200,078ENMS009,AMS078EN1001A,2021/4/18 0:22,MTI,FBGA-78UEN
BBC36,MAXUM-PLUS,RUNNING,P15MSJ604,2200,078EPMS002,AMS078EP1001A,2021/4/16 22:39,MTI,FBGA-78UEP
BBC37,MAXUM-PLUS,RUNNING,P15MSJ406,2200,078EPMS002,AMS078EP1001A,2021/4/17 18:38,MTI,FBGA-78UEP
BBC38,MAXUM-PLUS,RUNNING,P15MSBN01,2200,078ENMS009,AMS078EN1001A,2021/4/17 19:09,MTI,FBGA-78UEN
BBC39,MAXUM-PLUS,RUNNING,P15MSJ303,2200,078EPMS002,AMS078EP1001A,2021/4/17 20:42,MTI,FBGA-78UEP
BBC40,MAXUM-PLUS,RUNNING,P15MSEF02,2200,078ENMS009,AMS078EN1001A,2021/4/17 8:02,MTI,FBGA-78UEN
BBC41,MAXUM-PLUS,RUNNING,P16MSAU05,2200,078EPMS002,AMS078EP1001A,2021/4/17 15:28,MTI,FBGA-78UEP
BBC42,MAXUM-PLUS,RUNNING,P16MSAE05,2200,078EPMS002,AMS078EP1001A,2021/4/17 16:14,MTI,FBGA-78UEP
BBC43,MAXUM-PLUS,RUNNING,P15MSEE02,2200,078ENMS009,AMS078EN1001A,2021/4/17 20:47,MTI,FBGA-78UEN
BBC44,MAXUM-PLUS,RUNNING,P15MSCR07,2200,096EFMS002,AMS096EF2001A,2021/4/17 9:01,MTI,FBGA-96UEF
BBC45,MAXUM-PLUS,RUNNING,P15MSGB02,2200,078U9MS017,AMS078C93001B,2021/4/17 17:46,MTI,FBGA-78U9
BBC46,MAXUM-PLUS,RUNNING,P15MSBK06,2200,078ENMS009,AMS078EN1001A,2021/4/17 14:40,MTI,FBGA-78UEN
BBC47,MAXUM-PLUS,RUNNING,P15MSCK05,2200,096EFMS002,AMS096EF2001A,2021/4/17 17:11,MTI,FBGA-96UEF
BBC48,MAXUM-PLUS,RUNNING,P15MSBN02,2200,078ENMS009,AMS078EN1001A,2021/4/17 20:00,MTI,FBGA-78UEN
BBC49,MAXUM-PLUS,RUNNING,P15MSEB03,2200,078ENMS009,AMS078EN1001A,2021/4/17 16:59,MTI,FBGA-78UEN
BBC50,MAXUM-PLUS,RUNNING,P16MSAE01,2200,078EPMS002,AMS078EP1001A,2021/4/17 17:09,MTI,FBGA-78UEP
BBC51,MAXUM-PLUS,RUNNING,P15MSEG04,2200,078ENMS009,AMS078EN1001A,2021/4/17 14:30,MTI,FBGA-78UEN
BBC52,MAXUM-PLUS,RUNNING,P15MSBP08,2200,078ENMS009,AMS078EN1001A,2021/4/17 14:48,MTI,FBGA-78UEN
BBC53,MAXUM-PLUS,STOP,,,,AMS078EP1001A,2021/4/17 8:59,,
BBC54,MAXUM-PLUS,RUNNING,P15MSEH04,2200,078ENMS009,AMS078EN1001A,2021/4/17 21:50,MTI,FBGA-78UEN
BBC55,MAXUM-PLUS,RUNNING,P15MSE401,2200,078ENMS009,AMS078EN1001A,2021/4/17 23:21,MTI,FBGA-78UEN
BBC56,MAXUM-PLUS,RUNNING,P15MSEG03,2200,078ENMS009,AMS078EN1001A,2021/4/17 18:21,MTI,FBGA-78UEN
BBC57,MAXUM-PLUS,RUNNING,P15MSCK06,2200,096EFMS002,AMS096EF2001A,2021/4/17 19:15,MTI,FBGA-96UEF
BBC58,MAXUM-PLUS,RUNNING,P15MSEE01,2200,078ENMS009,AMS078EN1001A,2021/4/17 23:11,MTI,FBGA-78UEN
BBD01,MAXUM-PLUS,RUNNING,P15AWEK09,2200,008YMAW020,AAW008YM2004A,2021/4/17 7:03,MXIC,DFN-08YM2D
BBD02,MAXUM-PLUS,RUNNING,P15AWEK13,2200,008YMAW020,AAW008YM2004A,2021/4/17 10:52,MXIC,DFN-08YM2D
BBD03,MAXUM-PLUS,RUNNING,P15AWGG06,2200,008Y6AW028,AAW008Y62014A,2021/4/17 11:47,MXIC,DFN-08Y62D
BBD04,MAXUM-PLUS,RUNNING,P10NVLK08,2200,0086ANV167,ANV0086A1062A,2021/4/17 7:07,PHISON,uSD08AQV-C
BBD05,MAXUM-PLUS,RUNNING,P15ABIP03,2200,008YMAB047,AAB008YM2025A,2021/4/17 18:31,WINBOND,DFN-08YM2D
BBD06,MAXUM-PLUS,RUNNING,P10NVLK45,2200,0086ANV167,ANV0086A1062A,2021/4/17 9:35,PHISON,uSD08AQV-C
BBD07,MAXUM-PLUS,RUNNING,P15AWGG11,2200,008Y6AW028,AAW008Y62014A,2021/4/17 17:14,MXIC,DFN-08Y62D
BBD08,MAXUM-PLUS,RUNNING,P15AWGG20,2200,008Y6AW028,AAW008Y62014A,2021/4/17 17:09,MXIC,DFN-08Y62D
BBD09,MAXUM-PLUS,RUNNING,P15VGAR09,2200,008YMVG003,ABU008YM2002A,2021/4/17 14:32,ISSI-VG,DFN-08YM2D
BBD10,MAXUM-PLUS,QC,P15VGAR02,2200,008YMVG003,ABU008YM2002A,,ISSI-VG,DFN-08YM2D
BBD11,MAXUM-PLUS,RUNNING,P14QWA134,2200,008YMQW005,AQW008YM2003A,2021/4/17 23:22,AP Memory,DFN-08YM2G
BBD12,MAXUM-PLUS,RUNNING,P16ABB420,2200,008Y6AB028,AAB008Y62014A,2021/4/17 10:53,WINBOND,DFN-08Y62D
BBD13,MAXUM-PLUS,RUNNING,P15ABK605,2200,008YBAB016,AAB008YB2007A,2021/4/17 12:22,WINBOND,DFN-08YB2G
BBD14,MAXUM-PLUS,RUNNING,P15ABJI01,2200,008YBAB019,AAB008YB2008A,2021/4/17 12:50,WINBOND,DFN-08YB2G
BBD15,MAXUM-PLUS,RUNNING,P16SSC102,2200,153XTSS007,ASS153XT9006A,2021/4/18 7:32,HOSIN,SSBGA153JAU
BBD16,MAXUM-PLUS,RUNNING,P15BWG202,2200,036ABBW009,ABW036AB1004A,2021/4/17 4:24,AKM,QFN-36AB1
BBD17,MAXUM-PLUS,RUNNING,P15AWGG09,2200,008Y6AW028,AAW008Y62014A,2021/4/17 15:22,MXIC,DFN-08Y62D
BBD20,MAXUM-PLUS,SETUP,P15AWGG05,2200,008Y6AW028,AAW008Y62014A,2021/4/17 9:31,MXIC,DFN-08Y62D
BBD21,MAXUM-PLUS,QC,P15ABK802,2200,008YMAB048,AAB008YM2023A,,WINBOND,DFN-08YM2D
BBD22,MAXUM-PLUS,RUNNING,P15ABIP02,2200,008YMAB047,AAB008YM2025A,2021/4/17 18:12,WINBOND,DFN-08YM2D
BBD23,MAXUM-PLUS,RUNNING,P15VGA325,2200,008YDVG005,ABU008YD2001A,2021/4/17 11:35,ISSI-VG,DFN-08YD2A
BBD24,MAXUM-PLUS,RUNNING,P15BWG212,2200,036ABBW009,ABW036AB1004A,2021/4/17 9:08,AKM,QFN-36AB1
BBD35,MAXUM-PLUS,RUNNING,P10NVLK38,2200,0086ANV167,ANV0086A1062A,2021/4/17 4:12,PHISON,uSD08AQV-C
BBD36,MAXUM-PLUS,RUNNING,P15VGA333,2200,008YDVG005,ABU008YD2001A,2021/4/17 9:31,ISSI-VG,DFN-08YD2A
BBD37,MAXUM-PLUS,RUNNING,P15AWEM03,2200,008YMAW020,AAW008YM2004A,2021/4/17 14:06,MXIC,DFN-08YM2D
BBD38,MAXUM-PLUS,RUNNING,P15VGAR03,2200,008YMVG003,ABU008YM2002A,2021/4/17 6:31,ISSI-VG,DFN-08YM2D
BBD39,MAXUM-PLUS,RUNNING,P16SSC201,2200,153XTSS007,ASS153XT9006A,2021/4/18 9:28,HOSIN,SSBGA153JAU
BBD40,MAXUM-PLUS,RUNNING,P15AWGF14,2200,008Y6AW028,AAW008Y62014A,2021/4/17 14:15,MXIC,DFN-08Y62D
BBD41,MAXUM-PLUS,RUNNING,P10NVLK22,2200,0086ANV167,ANV0086A1062A,2021/4/17 7:19,PHISON,uSD08AQV-C
BBD42,MAXUM-PLUS,RUNNING,P15AWGG16,2200,008Y6AW028,AAW008Y62014A,2021/4/17 10:38,MXIC,DFN-08Y62D
BBD43,MAXUM-PLUS,RUNNING,P15ABK812,2200,008YMAB048,AAB008YM2023A,2021/4/17 20:40,WINBOND,DFN-08YM2D
BBD44,MAXUM-PLUS,RUNNING,P10NVLK50,2200,0086ANV167,ANV0086A1062A,2021/4/17 14:33,PHISON,uSD08AQV-C
BBD48,MAXUM-PLUS,RUNNING,P15ABK807,2200,008YMAB048,AAB008YM2023A,2021/4/17 13:45,WINBOND,DFN-08YM2D
BBD49,MAXUM-PLUS,RUNNING,P15ABK801,2200,008YMAB048,AAB008YM2023A,2021/4/17 12:56,WINBOND,DFN-08YM2D
BBD50,MAXUM-PLUS,RUNNING,P15AWGG19,2200,008Y6AW028,AAW008Y62014A,2021/4/17 13:07,MXIC,DFN-08Y62D
BBD51,MAXUM-PLUS,RUNNING,P15ABIN10,2200,008YMAB047,AAB008YM2025A,2021/4/17 7:26,WINBOND,DFN-08YM2D
BBD52,MAXUM-PLUS,RUNNING,P15ABIP01,2200,008YMAB047,AAB008YM2025A,2021/4/17 12:31,WINBOND,DFN-08YM2D
BBD53,MAXUM-PLUS,RUNNING,P15VGAR10,2200,008YMVG003,ABU008YM2002A,2021/4/17 19:59,ISSI-VG,DFN-08YM2D
BBD54,MAXUM-PLUS,RUNNING,P14ABB506,2200,008YMAB052,AAB008YM2020A,2021/4/17 15:54,WINBOND,DFN-08YM2D
BBD55,MAXUM-PLUS,QC,P15VGAR04,2200,008YMVG003,ABU008YM2002A,,ISSI-VG,DFN-08YM2D
BBD56,MAXUM-PLUS,RUNNING,P15AWEK11,2200,008YMAW020,AAW008YM2004A,2021/4/17 16:22,MXIC,DFN-08YM2D
BBD57,MAXUM-PLUS,RUNNING,P15SSB606,2200,153XTSS007,ASS153XT9006A,2021/4/16 21:51,HOSIN,SSBGA153JAU
BBD58,MAXUM-PLUS,RUNNING,P15ABK805,2200,008YMAB048,AAB008YM2023A,2021/4/17 18:38,WINBOND,DFN-08YM2D
BBD59,MAXUM-PLUS,RUNNING,P14QWA132,2200,008YMQW005,AQW008YM2003A,2021/4/17 20:19,AP Memory,DFN-08YM2G
BBD60,MAXUM-PLUS,RUNNING,P14ABB507,2200,008YMAB052,AAB008YM2020A,2021/4/17 9:46,WINBOND,DFN-08YM2D
BBD61,MAXUM-PLUS,RUNNING,P15SSB902,2200,153XTSS007,ASS153XT9006A,2021/4/18 7:24,HOSIN,SSBGA153JAU
BBD62,MAXUM-PLUS,RUNNING,P16ABB419,2200,008Y6AB028,AAB008Y62014A,2021/4/17 12:59,WINBOND,DFN-08Y62D
BBD63,MAXUM-PLUS,RUNNING,P81CMBP01,2200,048TPCM147ENG,ABU048TP2005A,,ENG,TSOP1-48/48M
BBD64,MAXUM-PLUS,RUNNING,P10NVLK25,2200,0086ANV167,ANV0086A1062A,2021/4/17 15:23,PHISON,uSD08AQV-C
BBD65,MAXUM-PLUS,RUNNING,P15ABIN04,2200,008YMAB047,AAB008YM2025A,2021/4/17 18:47,WINBOND,DFN-08YM2D
BBD66,MAXUM-PLUS,RUNNING,P15VGAR11,2200,008YMVG003,ABU008YM2002A,2021/4/17 17:54,ISSI-VG,DFN-08YM2D
BBD67,MAXUM-PLUS,RUNNING,P15SSB901,2200,153XTSS007,ASS153XT9006A,2021/4/18 7:05,HOSIN,SSBGA153JAU
BBD81,MAXUM-PLUS,IN-REPAIR,P10NVLK26,2200,0086ANV167,ANV0086A1062A,2021/4/17 5:29,PHISON,uSD08AQV-C
BBF60,MAXUM-BASE,RUNNING,P15MSED06,2200,078ENMS009,AMS078EN1001A,2021/4/17 0:12,MTI,FBGA-78UEN
BBF61,MAXUM-BASE,RUNNING,P16MSAL03,2200,078U9MS017,AMS078C93001B,2021/4/18 0:51,MTI,FBGA-78U9
BBF62,MAXUM-BASE,RUNNING,P14MSH107,2200,078ENMS009,AMS078EN1001A,2021/4/17 6:52,MTI,FBGA-78UEN
BBF63,MAXUM-BASE,RUNNING,P15MSEB07,2200,078ENMS009,AMS078EN1001A,2021/4/17 19:32,MTI,FBGA-78UEN
BBF64,MAXUM-BASE,RUNNING,P15MSEG06,2200,078ENMS009,AMS078EN1001A,2021/4/17 13:51,MTI,FBGA-78UEN
BBF65,MAXUM-BASE,RUNNING,P15MSBK01,2200,078ENMS009,AMS078EN1001A,2021/4/17 11:01,MTI,FBGA-78UEN
BBF66,MAXUM-BASE,RUNNING,P16MSAS01,2200,078U9MS017,AMS078C93001B,2021/4/17 8:59,MTI,FBGA-78U9
BBF67,MAXUM-BASE,IDLE,,,,AMS096EC1002A,,,
BBF68,MAXUM-BASE,RUNNING,P15MSEG08,2200,078ENMS009,AMS078EN1001A,2021/4/17 14:35,MTI,FBGA-78UEN
BBF69,MAXUM-BASE,RUNNING,P15MSBE09,2200,078ENMS009,AMS078EN1001A,2021/4/17 13:34,MTI,FBGA-78UEN
BBF70,MAXUM-BASE,RUNNING,P15MSBL04,2200,078ENMS009,AMS078EN1001A,2021/4/17 10:39,MTI,FBGA-78UEN
BBF71,MAXUM-BASE,RUNNING,P15MSBP06,2200,078ENMS009,AMS078EN1001A,2021/4/17 1:24,MTI,FBGA-78UEN
BBF72,MAXUM-BASE,RUNNING,P15MSED08,2200,078ENMS009,AMS078EN1001A,2021/4/17 10:57,MTI,FBGA-78UEN
BBF73,MAXUM-BASE,RUNNING,P15MSEG07,2200,078ENMS009,AMS078EN1001A,2021/4/17 15:21,MTI,FBGA-78UEN
BBF74,MAXUM-BASE,RUNNING,P15MSBK03,2200,078ENMS009,AMS078EN1001A,2021/4/17 12:52,MTI,FBGA-78UEN
BBF75,MAXUM-BASE,RUNNING,P15MSBN06,2200,078ENMS009,AMS078EN1001A,2021/4/17 19:16,MTI,FBGA-78UEN
BBH08,MAXUM-PLUS,RUNNING,P12AWF224A,2200,016D5AW020,AAW016D53011A,2021/4/17 14:42,MXIC,SSLGA16DOU
BBH09,MAXUM-PLUS,RUNNING,P15AWBN07,2200,016D5AW011,AAW016D53004A,2021/4/17 22:37,MXIC,SSLGA16DOU
BBH10,MAXUM-PLUS,RUNNING,P15AWF916,2200,048TPAW056,AAW048TP1024D,2021/4/17 14:57,MXIC,TSOP1-48/48M
BBH11,MAXUM-PLUS,RUNNING,P15SSB804,2200,153XTSS007,ASS153XT9006A,2021/4/18 3:08,HOSIN,SSBGA153JAU
BBH12,MAXUM-PLUS,RUNNING,P14AWE924,2200,016D5AW011,AAW016D53004A,2021/4/17 12:30,MXIC,SSLGA16DOU
BBH13,MAXUM-PLUS,RUNNING,P15AWET15,2200,048TPAW056,AAW048TP1024D,2021/4/17 11:50,MXIC,TSOP1-48/48M
BBH14,MAXUM-PLUS,RUNNING,P14AWE612,2200,016D5AW011,AAW016D53004A,2021/4/17 12:46,MXIC,SSLGA16DOU
BBH15,MAXUM-PLUS,RUNNING,P12AWF310,2200,016D5AW020,AAW016D53011A,2021/4/17 20:01,MXIC,SSLGA16DOU
BBH16,MAXUM-PLUS,RUNNING,P15MSEH05,2200,078ENMS009,AMS078EN1001A,2021/4/17 19:22,MTI,FBGA-78UEN
BBH17,MAXUM-PLUS,RUNNING,P15AWBF07,2200,016D5AW011,AAW016D53004A,2021/4/17 22:14,MXIC,SSLGA16DOU
BBH18,MAXUM-PLUS,RUNNING,P14OKBD19,2200,016D5OK004,AOK016D53002A,2021/4/17 13:36,LAPIS,SSLGA16DOU
BBH19,MAXUM-PLUS,RUNNING,P14OKBD13,2200,016D5OK004,AOK016D53002A,2021/4/17 8:31,LAPIS,SSLGA16DOU
BBH20,MAXUM-PLUS,RUNNING,P14AWE927,2200,016D5AW011,AAW016D53004A,2021/4/18 2:31,MXIC,SSLGA16DOU
BBH21,MAXUM-PLUS,RUNNING,P15SSB808,2200,153XTSS007,ASS153XT9006A,2021/4/17 21:03,HOSIN,SSBGA153JAU
BBH22,MAXUM-PLUS,RUNNING,P14AWE920,2200,016D5AW011,AAW016D53004A,2021/4/17 12:27,MXIC,SSLGA16DOU
BBH23,MAXUM-PLUS,RUNNING,P15SSBE03,2200,153XTSS007,ASS153XT9006A,2021/4/17 8:44,HOSIN,SSBGA153JAU
BBH24,MAXUM-PLUS,RUNNING,P15MSJ307,2200,078EPMS002,AMS078EP1001A,2021/4/17 18:04,MTI,FBGA-78UEP
BBH25,MAXUM-PLUS,RUNNING,P14OKBE03,2200,016D5OK004,AOK016D53002A,2021/4/17 19:29,LAPIS,SSLGA16DOU
BBH26,MAXUM-PLUS,RUNNING,P15OKB312,2200,048TVOK056,AOK048TV1029A,2021/4/17 19:24,LAPIS,TSOP1-48A2
BBH27,MAXUM-PLUS,RUNNING,P15MSJ308,2200,078EPMS002,AMS078EP1001A,2021/4/17 14:55,MTI,FBGA-78UEP
BBH28,MAXUM-PLUS,WAIT-REPAIR,P15SSB904,2200,153XTSS007,ASS153XT9006A,2021/4/18 0:17,HOSIN,SSBGA153JAU
BBH29,MAXUM-PLUS,WAIT-REPAIR,P14AWE615,2200,016D5AW011,AAW016D53004A,2021/4/17 15:55,MXIC,SSLGA16DOU
BBH30,MAXUM-PLUS,RUNNING,P15MSJ305,2200,078EPMS002,AMS078EP1001A,2021/4/17 14:23,MTI,FBGA-78UEP
BBH31,MAXUM-PLUS,RUNNING,P14AWE607,2200,016D5AW011,AAW016D53004A,2021/4/17 15:26,MXIC,SSLGA16DOU
BBH32,MAXUM-PLUS,RUNNING,P12AWF219,2200,016D5AW020,AAW016D53011A,2021/4/17 16:43,MXIC,SSLGA16DOU
BBH33,MAXUM-PLUS,RUNNING,P14OKBD16,2200,016D5OK004,AOK016D53002A,2021/4/17 9:43,LAPIS,SSLGA16DOU
BBH34,MAXUM-PLUS,RUNNING,P15OKB201,2200,048TVOK056,AOK048TV1029A,2021/4/17 21:21,LAPIS,TSOP1-48A2
BBH35,MAXUM-PLUS,RUNNING,P15OKB202,2200,048TVOK056,AOK048TV1029A,2021/4/18 0:21,LAPIS,TSOP1-48A2
BBH36,MAXUM-PLUS,RUNNING,P14OKBD17,2200,016D5OK004,AOK016D53002A,2021/4/17 17:56,LAPIS,SSLGA16DOU
BBH37,MAXUM-PLUS,RUNNING,P15SSBC08,2200,153XTSS007,ASS153XT9006A,2021/4/17 7:07,HOSIN,SSBGA153JAU
BBH38,MAXUM-PLUS,RUNNING,P15AWET11,2200,048TPAW056,AAW048TP1024D,2021/4/17 14:39,MXIC,TSOP1-48/48M
BBH39,MAXUM-PLUS,RUNNING,P12AWF224,2200,016D5AW020,AAW016D53011A,2021/4/17 2:15,MXIC,SSLGA16DOU
BBH40,MAXUM-PLUS,RUNNING,P15OKB314,2200,048TVOK056,AOK048TV1029A,2021/4/17 10:49,LAPIS,TSOP1-48A2
BBH41,MAXUM-PLUS,RUNNING,P15SSBD05,2200,153XTSS007,ASS153XT9006A,2021/4/17 1:54,HOSIN,SSBGA153JAU
BBH42,MAXUM-PLUS,RUNNING,P15SSBB01,2200,153XTSS007,ASS153XT9006A,2021/4/18 2:41,HOSIN,SSBGA153JAU
BBH43,MAXUM-PLUS,RUNNING,P15SSBF04,2200,153XTSS007,ASS153XT9006A,2021/4/17 15:33,HOSIN,SSBGA153JAU
BBH44,MAXUM-PLUS,RUNNING,P15AWBF06,2200,016D5AW011,AAW016D53004A,2021/4/17 21:38,MXIC,SSLGA16DOU
BBH45,MAXUM-PLUS,RUNNING,P15AWBF08,2200,016D5AW011,AAW016D53004A,2021/4/17 19:50,MXIC,SSLGA16DOU
BBH46,MAXUM-PLUS,RUNNING,P14AWE922,2200,016D5AW011,AAW016D53004A,2021/4/17 20:39,MXIC,SSLGA16DOU
BBH47,MAXUM-PLUS,RUNNING,P15AWBF09,2200,016D5AW011,AAW016D53004A,2021/4/17 17:35,MXIC,SSLGA16DOU
BBH48,MAXUM-PLUS,RUNNING,P15SSBF03,2200,153XTSS007,ASS153XT9006A,2021/4/17 15:03,HOSIN,SSBGA153JAU
BBH49,MAXUM-PLUS,RUNNING,P15SSBA03,2200,153XTSS007,ASS153XT9006A,2021/4/18 8:22,HOSIN,SSBGA153JAU
BBH50,MAXUM-PLUS,RUNNING,P15AWET16,2200,048TPAW056,AAW048TP1024D,2021/4/17 13:07,MXIC,TSOP1-48/48M
BBH51,MAXUM-PLUS,RUNNING,P15SSBD08,2200,153XTSS007,ASS153XT9006A,2021/4/17 10:15,HOSIN,SSBGA153JAU
BBH52,MAXUM-PLUS,RUNNING,P14AWE609,2200,016D5AW011,AAW016D53004A,2021/4/17 11:44,MXIC,SSLGA16DOU
BBH53,MAXUM-PLUS,RUNNING,P15AWBN01,2200,016D5AW011,AAW016D53004A,2021/4/17 22:04,MXIC,SSLGA16DOU
BBH54,MAXUM-PLUS,SETUP,P15SSBB02,2200,153XTSS007,ASS153XT9006A,2021/4/17 9:16,HOSIN,SSBGA153JAU
BBH55,MAXUM-PLUS,RUNNING,P14AWE926,2200,016D5AW011,AAW016D53004A,2021/4/17 11:21,MXIC,SSLGA16DOU
BBH56,MAXUM-PLUS,RUNNING,P14OKBE02,2200,016D5OK004,AOK016D53002A,2021/4/17 18:31,LAPIS,SSLGA16DOU
BBH57,MAXUM-PLUS,RUNNING,P15AWET21,2200,048TPAW056,AAW048TP1024D,2021/4/17 13:25,MXIC,TSOP1-48/48M
BBH58,MAXUM-PLUS,RUNNING,P15AWBN05,2200,016D5AW011,AAW016D53004A,2021/4/17 23:33,MXIC,SSLGA16DOU
BBH59,MAXUM-PLUS,RUNNING,P15AWBF12,2200,016D5AW011,AAW016D53004A,2021/4/17 20:59,MXIC,SSLGA16DOU
BBH60,MAXUM-PLUS,IN-REPAIR,P15SSBE08,2200,153XTSS007,ASS153XT9006A,2021/4/17 14:56,HOSIN,SSBGA153JAU
BBH61,MAXUM-PLUS,RUNNING,P15AWBF10,2200,016D5AW011,AAW016D53004A,2021/4/17 16:53,MXIC,SSLGA16DOU
BBH62,MAXUM-PLUS,RUNNING,P15AWBF11,2200,016D5AW011,AAW016D53004A,2021/4/17 17:50,MXIC,SSLGA16DOU
BBH63,MAXUM-PLUS,RUNNING,P14AWE605,2200,016D5AW011,AAW016D53004A,2021/4/17 14:10,MXIC,SSLGA16DOU
BBH64,MAXUM-PLUS,RUNNING,P14AWE921,2200,016D5AW011,AAW016D53004A,2021/4/17 13:39,MXIC,SSLGA16DOU
BBH65,MAXUM-PLUS,RUNNING,P15SSB905,2200,153XTSS007,ASS153XT9006A,2021/4/17 20:11,HOSIN,SSBGA153JAU
BBH66,MAXUM-PLUS,WAIT-SETUP,,,,AOK016D53002A,,,
BBH67,MAXUM-PLUS,RUNNING,P15SSBF05,2200,153XTSS007,ASS153XT9006A,2021/4/17 8:15,HOSIN,SSBGA153JAU
BBH68,MAXUM-PLUS,RUNNING,P14OKBD21,2200,016D5OK004,AOK016D53002A,2021/4/17 17:30,LAPIS,SSLGA16DOU
BBH69,MAXUM-PLUS,RUNNING,P14AWE610,2200,016D5AW011,AAW016D53004A,2021/4/17 12:56,MXIC,SSLGA16DOU
BBH70,MAXUM-PLUS,RUNNING,P15AWET18,2200,048TPAW056,AAW048TP1024D,2021/4/17 15:19,MXIC,TSOP1-48/48M
BBH96,MAXUM-PLUS,RUNNING,P15MSBK07,2200,078ENMS009,AMS078EN1001A,2021/4/17 16:22,MTI,FBGA-78UEN
BBH97,MAXUM-PLUS,RUNNING,P15AWBF03,2200,016D5AW011,AAW016D53004A,2021/4/17 19:51,MXIC,SSLGA16DOU
BBH98,MAXUM-PLUS,RUNNING,P15OKB311,2200,048TVOK056,AOK048TV1029A,2021/4/17 4:51,LAPIS,TSOP1-48A2
BBH99,MAXUM-PLUS,RUNNING,P14OKBD02,2200,016D5OK004,AOK016D53002A,2021/4/17 15:14,LAPIS,SSLGA16DOU
BBJ01,ICONN,RUNNING,P06ASF706,2200,048TGAS017,AAS048TG2003A,2021/4/17 10:02,EliteMT,TSOP1-48/48
BBJ02,MAXUM,RUNNING,P11ASB608,2200,066TSAS015,AAS066TS1005B,2021/4/17 7:07,EliteMT,TSOP2-66CME
BBJ03,MAXUM,RUNNING,P15SSB805,2200,153XTSS007,ASS153XT9006A,2021/4/17 18:26,HOSIN,SSBGA153JAU
BBK16,MAXUM-PLUS,RUNNING,P15OKB313,2200,048TVOK056,AOK048TV1029A,2021/4/17 17:09,LAPIS,TSOP1-48A2
BBK17,MAXUM-PLUS,RUNNING,P14AWE902,2200,016D5AW011,AAW016D53004A,2021/4/17 15:16,MXIC,SSLGA16DOU
BBK27,MAXUM-PLUS,RUNNING,P14OKBD14,2200,016D5OK004,AOK016D53002A,2021/4/17 12:57,LAPIS,SSLGA16DOU
BBK28,MAXUM-PLUS,WAIT-SETUP,P12AWF308,2200,016D5AW020,AAW016D53011A,2021/4/17 20:03,MXIC,SSLGA16DOU
BBK29,MAXUM-PLUS,RUNNING,P12AWF307,2200,016D5AW020,AAW016D53011A,2021/4/17 12:24,MXIC,SSLGA16DOU
BBK30,MAXUM-PLUS,RUNNING,P15MSEE03,2200,078ENMS009,AMS078EN1001A,2021/4/17 17:11,MTI,FBGA-78UEN
BBK31,MAXUM-PLUS,RUNNING,P15MSCZ01,2200,078U9MS017,AMS078C93001B,2021/4/17 20:43,MTI,FBGA-78U9
BBK32,MAXUM-PLUS,RUNNING,P15MSBK09,2200,078ENMS009,AMS078EN1001A,2021/4/17 16:16,MTI,FBGA-78UEN
BBK33,MAXUM-PLUS,RUNNING,P16MSAF02,2200,078EPMS002,AMS078EP1001A,2021/4/17 16:03,MTI,FBGA-78UEP
BBK34,MAXUM-PLUS,RUNNING,P15MSBL08,2200,078ENMS009,AMS078EN1001A,2021/4/18 1:18,MTI,FBGA-78UEN
BBK35,MAXUM-PLUS,RUNNING,P16MSAE02,2200,078EPMS002,AMS078EP1001A,2021/4/17 17:25,MTI,FBGA-78UEP
BBK36,MAXUM-PLUS,SETUP,,,,AMS078EP1001A,2021/4/17 10:11,,
BBK37,MAXUM-PLUS,RUNNING,P16MSAS03,2200,078U9MS017,AMS078C93001B,2021/4/17 17:55,MTI,FBGA-78U9
BBK38,MAXUM-PLUS,RUNNING,P16MSAR06,2200,078U9MS017,AMS078C93001B,2021/4/17 3:08,MTI,FBGA-78U9
BBK39,MAXUM-PLUS,RUNNING,P15MSEG05,2200,078ENMS009,AMS078EN1001A,2021/4/17 17:13,MTI,FBGA-78UEN
BBK40,MAXUM-PLUS,STOP,P16MSAE06,2200,078EPMS002,AMS078EP1001A,2021/4/17 8:22,MTI,FBGA-78UEP
BBK41,MAXUM-PLUS,RUNNING,P15MSBL07,2200,078ENMS009,AMS078EN1001A,2021/4/18 0:11,MTI,FBGA-78UEN
BBK42,MAXUM-PLUS,RUNNING,P16MSAS04,2200,078U9MS017,AMS078C93001B,2021/4/17 20:35,MTI,FBGA-78U9
BBK43,MAXUM-PLUS,RUNNING,P15MSJ302,2200,078EPMS002,AMS078EP1001A,2021/4/17 3:33,MTI,FBGA-78UEP
BBK44,MAXUM-PLUS,RUNNING,P15MSGB01,2200,078U9MS017,AMS078C93001B,2021/4/17 8:06,MTI,FBGA-78U9
BBL01,MAXUM-PLUS,RUNNING,P14QWA133,2200,008YMQW005,AQW008YM2003A,2021/4/17 23:27,AP Memory,DFN-08YM2G
BBL02,MAXUM-PLUS,RUNNING,P15AWGG12,2200,008Y6AW028,AAW008Y62014A,2021/4/17 14:52,MXIC,DFN-08Y62D
BBL03,MAXUM-PLUS,RUNNING,P15AWEK12,2200,008YMAW020,AAW008YM2004A,2021/4/17 10:39,MXIC,DFN-08YM2D
BBL04,MAXUM-PLUS,RUNNING,P15ABIN05,2200,008YMAB047,AAB008YM2025A,2021/4/17 17:32,WINBOND,DFN-08YM2D
BBL05,MAXUM-PLUS,IDLE,,,,AAB008Y62014A,,,
BBL16,MAXUM-PLUS,RUNNING,P15VGAR05,2200,008YMVG003,ABU008YM2002A,2021/4/17 13:48,ISSI-VG,DFN-08YM2D
BBL17,MAXUM-PLUS,RUNNING,P10NVLK44,2200,0086ANV167,ANV0086A1062A,2021/4/16 19:19,PHISON,uSD08AQV-C
BBL18,MAXUM-PLUS,IN-REPAIR,P15ABIN09,2200,008YMAB047,AAB008YM2025A,2021/4/17 22:10,WINBOND,DFN-08YM2D
BBL19,MAXUM-PLUS,RUNNING,P15BWG210,2200,036ABBW009,ABW036AB1004A,2021/4/17 17:13,AKM,QFN-36AB1
BBL20,MAXUM-PLUS,RUNNING,P15AWGG21,2200,008Y6AW028,AAW008Y62014A,2021/4/17 13:00,MXIC,DFN-08Y62D
BBL21,MAXUM-PLUS,RUNNING,P15SSB708,2200,153XTSS007,ASS153XT9006A,2021/4/17 10:45,HOSIN,SSBGA153JAU
BBL22,MAXUM-PLUS,QC,P15ABIN01,2200,008YMAB047,AAB008YM2025A,,WINBOND,DFN-08YM2D
BBM01,MAXUM,RUNNING,P16MSBE04,2200,096ECMS010,AMS096EC3001B,2021/4/17 23:40,MTI,FBGA-96UEC
BBM02,MAXUM,RUNNING,P15MSJ205,2200,096ECMS010,AMS096EC3001B,2021/4/17 17:24,MTI,FBGA-96UEC
BBM03,MAXUM,QC,,,,AMS096EC3001B,,,
BBM04,MAXUM,RUNNING,P15MSHP02,2200,096ECMS003,AMS096EC1002A,2021/4/17 2:32,MTI,FBGA-96UEC
BBM05,MAXUM,RUNNING,P06LWFX02,2200,078EPLW002,ALW078EP1001A,2021/4/17 6:59,MTI-S,FBGA-78UEP
BBM06,MAXUM,WAIT-SETUP,,,,AMS096EC3001B,,,
BBM07,MAXUM,RUNNING,P16MSBE01,2200,096ECMS010,AMS096EC3001B,2021/4/18 0:48,MTI,FBGA-96UEC
BBR01,RAPID,RUNNING,P15NICR01,2200,020YUNI024,ANI020YU1005C,2021/4/18 5:49,DIALOG,QFN-20YU2D
BBR02,RAPID,RUNNING,P13NVSL15,2200,345XTNV047,ANV345XTE001A,2021/4/17 16:12,PHISON,STBGA345FAV
BBR03,RAPID,RUNNING,P15NICQ02,2200,020YUNI024,ANI020YU1005C,2021/4/17 22:48,DIALOG,QFN-20YU2D
BBR04,RAPID,RUNNING,P13ABKR14,2200,008YDAB014,AAB008YD2003A,2021/4/17 9:21,WINBOND,DFN-08YD2A
BBR05,RAPID,RUNNING,P13ABM108,2200,008YDAB014,AAB008YD2003A,2021/4/17 11:52,WINBOND,DFN-08YD2A
BBR06,RAPID,RUNNING,P13NVSL17,2200,345XTNV047,ANV345XTE001A,2021/4/17 18:42,PHISON,STBGA345FAV
BBR07,RAPID,RUNNING,P14SSA322,3200,153XTSS005,ASS153XT3003A,2021/4/17 14:23,HOSIN,STBGA153JAU
BBR08,RAPID,RUNNING,P13ABKR12,2200,008YDAB014,AAB008YD2003A,2021/4/17 12:28,WINBOND,DFN-08YD2A
BBR09,RAPID,RUNNING,P15SSAA19,3200,153XTSS005,ASS153XT3003A,2021/4/17 20:53,HOSIN,STBGA153JAU
BBR10,RAPID,RUNNING,P14SSA327,3200,153XTSS005,ASS153XT3003A,2021/4/17 16:01,HOSIN,STBGA153JAU
BBR11,RAPID,RUNNING,P13NVSL14,2200,345XTNV047,ANV345XTE001A,2021/4/17 18:02,PHISON,STBGA345FAV
BBR12,RAPID,RUNNING,P13ABKR18,2200,008YDAB014,AAB008YD2003A,2021/4/17 11:16,WINBOND,DFN-08YD2A
BBR13,RAPID,RUNNING,P15NICP01,2200,020YUNI024,ANI020YU1005C,2021/4/17 20:19,DIALOG,QFN-20YU2D
BBR14,RAPID,SETUP,,,,ANV345XTE001A,2021/4/17 10:02,,
BBR15,RAPID,RUNNING,P13NVSL22,2200,345XTNV047,ANV345XTE001A,2021/4/17 19:16,PHISON,STBGA345FAV
BBR16,RAPID,RUNNING,P14HQKC05,2200,0442JHQ016,AHQ0442J3003A,2021/4/17 14:13,EMC,FPSTLGA44tBV
BBR17,RAPID,RUNNING,P15NICP02,2200,020YUNI024,ANI020YU1005C,2021/4/17 19:48,DIALOG,QFN-20YU2D
BBR18,RAPID,RUNNING,P13NVSL05,2200,345XTNV047,ANV345XTE001A,2021/4/17 19:12,PHISON,STBGA345FAV
BBR19,RAPID,RUNNING,P14SSA326,3200,153XTSS005,ASS153XT3003A,2021/4/17 10:53,HOSIN,STBGA153JAU
BBR20,RAPID,RUNNING,P14SSA324,3200,153XTSS005,ASS153XT3003A,2021/4/17 10:28,HOSIN,STBGA153JAU
BBR21,RAPID,RUNNING,P14HQKC12,2200,0442JHQ016,AHQ0442J3003A,2021/4/17 12:25,EMC,FPSTLGA44tBV
BBR22,RAPID,QC,P13ABKR17,2200,008YDAB014,AAB008YD2003A,,WINBOND,DFN-08YD2A
BBR23,RAPID,RUNNING,P15SSAA10,3200,153XTSS005,ASS153XT3003A,2021/4/17 13:47,HOSIN,STBGA153JAU
BBR24,RAPID,RUNNING,P14HQKC08,2200,0442JHQ016,AHQ0442J3003A,2021/4/17 11:11,EMC,FPSTLGA44tBV
BBR25,RAPID,RUNNING,P14ABP412,2200,008YQAB085,AAB008YQ2034A,2021/4/17 14:22,WINBOND,STDFN-08YQ2A
BBR26,RAPID,RUNNING,P14SSA328,3200,153XTSS005,ASS153XT3003A,2021/4/17 22:09,HOSIN,STBGA153JAU
BBR27,RAPID,RUNNING,P14ABD401,2200,008YQAB090,AAB008YQ2039B,2021/4/17 14:23,WINBOND,STDFN-08YQ2A
BBR28,RAPID,RUNNING,P15SSAA08,3200,153XTSS005,ASS153XT3003A,2021/4/17 11:25,HOSIN,STBGA153JAU
BBR29,RAPID,RUNNING,P13NVSL07,2200,345XTNV047,ANV345XTE001A,2021/4/17 20:35,PHISON,STBGA345FAV
BBR30,RAPID,RUNNING,P15NICN01,2200,020YUNI024,ANI020YU1005C,2021/4/18 2:19,DIALOG,QFN-20YU2D
BBR31,RAPID,RUNNING,P13NVSL21,2200,345XTNV047,ANV345XTE001A,2021/4/17 9:02,PHISON,STBGA345FAV
BBR32,RAPID,RUNNING,P15SSAA07,3200,153XTSS005,ASS153XT3003A,2021/4/17 17:09,HOSIN,STBGA153JAU
BBR33,RAPID,RUNNING,P14SSA323,3200,153XTSS005,ASS153XT3003A,2021/4/17 11:53,HOSIN,STBGA153JAU
BBR34,RAPID,RUNNING,P13NIGR01,2200,020YUNI024,ANI020YU1005C,2021/4/17 19:46,DIALOG,QFN-20YU2D
BBR35,RAPID,RUNNING,P15SSAA06,3200,153XTSS005,ASS153XT3003A,2021/4/17 12:12,HOSIN,STBGA153JAU
BBR36,RAPID,RUNNING,P13ABKP08,2200,008YDAB014,AAB008YD2003A,2021/4/17 9:11,WINBOND,DFN-08YD2A
BBR37,RAPID,RUNNING,P13ABKR11,2200,008YDAB014,AAB008YD2003A,2021/4/17 12:45,WINBOND,DFN-08YD2A
BBR38,RAPID,RUNNING,P15SSAA28,3200,153XTSS005,ASS153XT3003A,2021/4/17 19:35,HOSIN,STBGA153JAU
BBR39,RAPID,RUNNING,P15NICO02,2200,020YUNI024,ANI020YU1005C,2021/4/17 22:29,DIALOG,QFN-20YU2D
BBR40,RAPID,RUNNING,P14HQKC06,2200,0442JHQ016,AHQ0442J3003A,2021/4/17 12:53,EMC,FPSTLGA44tBV
BBR41,RAPID,RUNNING,P13NVSL06,2200,345XTNV047,ANV345XTE001A,2021/4/17 10:32,PHISON,STBGA345FAV
BBR42,RAPID,RUNNING,P13ABKR22,2200,008YDAB014,AAB008YD2003A,2021/4/17 10:10,WINBOND,DFN-08YD2A
BBR43,RAPID,RUNNING,P13ABKR13,2200,008YDAB014,AAB008YD2003A,2021/4/17 10:11,WINBOND,DFN-08YD2A
BBR44,RAPID,RUNNING,P14HQKC11,2200,0442JHQ016,AHQ0442J3003A,2021/4/17 13:08,EMC,FPSTLGA44tBV
BBR45,RAPID,RUNNING,P15SSAA16,3200,153XTSS005,ASS153XT3003A,2021/4/17 21:49,HOSIN,STBGA153JAU
BBR66,RAPID,RUNNING,P15SSAB07,3200,153XTSS005,ASS153XT3003A,2021/4/17 20:00,HOSIN,STBGA153JAU
BBR67,RAPID,RUNNING,P09LWFJ03,2200,078U9LW014,ALW078C93002A,2021/4/17 22:11,MTI-S,FBGA-78U9
BBR68,RAPID,RUNNING,P09LWF503,2200,078U9LW014,ALW078C93002A,2021/4/16 19:47,MTI-S,FBGA-78U9
BBR69,RAPID,RUNNING,P09LWFK02,2200,078U9LW014,ALW078C93002A,2021/4/17 21:15,MTI-S,FBGA-78U9
BBR70,RAPID,RUNNING,P15SSAB24,3200,153XTSS005,ASS153XT3003A,2021/4/17 15:00,HOSIN,STBGA153JAU
BBR71,RAPID,RUNNING,P06LWFX01,2200,078EPLW002,ALW078EP1001A,2021/4/17 13:29,MTI-S,FBGA-78UEP
BBR72,RAPID,RUNNING,P09LWF501,2200,078U9LW014,ALW078C93002A,2021/4/16 23:48,MTI-S,FBGA-78U9
BBR73,RAPID,RUNNING,P15SSAB09,3200,153XTSS005,ASS153XT3003A,2021/4/17 10:41,HOSIN,STBGA153JAU
BBR74,RAPID,RUNNING,P15SSAB08,3200,153XTSS005,ASS153XT3003A,2021/4/17 23:04,HOSIN,STBGA153JAU
BBR75,RAPID,RUNNING,P09LWFK01,2200,078U9LW014,ALW078C93002A,2021/4/17 9:49,MTI-S,FBGA-78U9
BBS01,ICONN-PLUS,RUNNING,P15ABK809,2200,008YMAB048,AAB008YM2023A,2021/4/17 17:41,WINBOND,DFN-08YM2D
BBS02,ICONN-PLUS,RUNNING,P15VGB707,2200,008Y6VG005,ABU008Y62001A,2021/4/17 9:49,ISSI-VG,DFN-08Y62D
BBS03,ICONN-PLUS,QC,P15VGB701,2200,008Y6VG005,ABU008Y62001A,,ISSI-VG,DFN-08Y62D
BBS04,ICONN-PLUS,RUNNING,P15ABK111,2200,008YMAB048,AAB008YM2023A,2021/4/17 9:39,WINBOND,DFN-08YM2D
BBS05,ICONN-PLUS,RUNNING,P15VGB702,2200,008Y6VG005,ABU008Y62001A,2021/4/17 8:56,ISSI-VG,DFN-08Y62D
BBS06,ICONN-PLUS,RUNNING,P15VGB718,2200,008Y6VG005,ABU008Y62001A,2021/4/17 10:53,ISSI-VG,DFN-08Y62D
BBS07,ICONN-PLUS,RUNNING,P15VGB703,2200,008Y6VG005,ABU008Y62001A,2021/4/17 10:16,ISSI-VG,DFN-08Y62D
BBS08,ICONN-PLUS,RUNNING,P16MSBK02,2200,096ECMS010,AMS096EC3001B,2021/4/18 2:01,MTI,FBGA-96UEC
BBS09,ICONN-PLUS,RUNNING,P15ABK121,2200,008YMAB048,AAB008YM2023A,2021/4/17 7:34,WINBOND,DFN-08YM2D
BBS10,ICONN-PLUS,RUNNING,P16MSBE06,2200,096ECMS010,AMS096EC3001B,2021/4/17 18:12,MTI,FBGA-96UEC
BBU01,UTC5000S,WAIT-SETUP,P14AWDZ39,2200,048TPAW086,AAW048TP1041B,2021/4/17 6:56,MXIC,TSOP1-48/M2
BBU02,UTC5000S,RUNNING,P15AWAG13,2200,048TPAW103,AAW048TP1008B,2021/4/17 18:11,MXIC,TSOP1-48/M2
BBU03,UTC5000S,RUNNING,P15AWBN10,2200,016D5AW011,AAW016D53004A,2021/4/17 18:47,MXIC,SSLGA16DOU
BBU04,UTC5000S,WAIT-REPAIR,P15AWAF35,2200,048TPAW103,AAW048TP1008B,2021/4/17 7:10,MXIC,TSOP1-48/M2
BBU05,UTC5000S,RUNNING,P15AWA135,2200,048TPAW103,AAW048TP1008B,2021/4/17 12:05,MXIC,TSOP1-48/M2
BBU06,UTC5000S,RUNNING,P14AWDZ03,2200,048TPAW086,AAW048TP1041B,2021/4/17 8:53,MXIC,TSOP1-48/M2
BBU07,UTC5000S,QC,P15AWAF15,2200,048TPAW103,AAW048TP1008B,,MXIC,TSOP1-48/M2
BBU08,UTC5000S,RUNNING,P15AWAF37,2200,048TPAW103,AAW048TP1008B,2021/4/17 15:09,MXIC,TSOP1-48/M2
BBU09,UTC5000S,RUNNING,P15SSBF08,2200,153XTSS007,ASS153XT9006A,2021/4/16 12:47,HOSIN,SSBGA153JAU
BBU10,UTC5000S,RUNNING,P14AWDV27,2200,048TPAW086,AAW048TP1041B,2021/4/17 12:16,MXIC,TSOP1-48/M2
BBU11,UTC5000S,RUNNING,P14AWDZ09,2200,048TPAW086,AAW048TP1041B,2021/4/17 17:53,MXIC,TSOP1-48/M2
BBU12,UTC5000S,SETUP,P15AWAF36,2200,048TPAW103,AAW048TP1008B,2021/4/17 9:05,MXIC,TSOP1-48/M2
BBU13,UTC5000S,RUNNING,P15AWAF13,2200,048TPAW103,AAW048TP1008B,2021/4/17 10:47,MXIC,TSOP1-48/M2
BBU14,UTC5000S,RUNNING,P15AWAF01,2200,048TPAW103,AAW048TP1008B,2021/4/17 14:57,MXIC,TSOP1-48/M2
BBU15,UTC5000S,RUNNING,P15AWAG02,2200,048TPAW103,AAW048TP1008B,2021/4/17 16:23,MXIC,TSOP1-48/M2
BBU16,UTC5000S,RUNNING,P14AWDZ06,2200,048TPAW086,AAW048TP1041B,2021/4/17 9:36,MXIC,TSOP1-48/M2
BBU17,UTC5000S,SETUP,P15AWAF23,2200,048TPAW103,AAW048TP1008B,2021/4/17 9:05,MXIC,TSOP1-48/M2
BBU18,UTC5000S,RUNNING,P14AWDV16,2200,048TPAW086,AAW048TP1041B,2021/4/17 10:37,MXIC,TSOP1-48/M2
BBU19,UTC5000S,RUNNING,P15AWAF24,2200,048TPAW103,AAW048TP1008B,2021/4/17 10:04,MXIC,TSOP1-48/M2
BBU20,UTC5000S,QC,P14AWDZ12,2200,048TPAW086,AAW048TP1041B,,MXIC,TSOP1-48/M2
BBU21,UTC5000S,IN-REPAIR,P14AWDS29,2200,048TPAW086,AAW048TP1041B,2021/4/16 15:21,MXIC,TSOP1-48/M2
BBU22,UTC5000S,SETUP,P15AWAF32,2200,048TPAW103,AAW048TP1008B,2021/4/17 9:22,MXIC,TSOP1-48/M2
BBU23,UTC5000S,IN-REPAIR,P14AWDZ48,2200,048TPAW086,AAW048TP1041B,2021/4/17 9:33,MXIC,TSOP1-48/M2
BBU24,UTC5000S,RUNNING,P14AWDZ10,2200,048TPAW086,AAW048TP1041B,2021/4/17 16:36,MXIC,TSOP1-48/M2
BBU25,UTC5000S,RUNNING,P15AWAF14,2200,048TPAW103,AAW048TP1008B,2021/4/17 11:10,MXIC,TSOP1-48/M2
BBU26,UTC5000S,RUNNING,P15AWAF03,2200,048TPAW103,AAW048TP1008B,2021/4/17 9:29,MXIC,TSOP1-48/M2
BBU27,UTC5000S,RUNNING,P15AWA122,2200,048TPAW103,AAW048TP1008B,2021/4/17 8:20,MXIC,TSOP1-48/M2
BBU28,UTC5000S,RUNNING,P14AWDV42,2200,048TPAW086,AAW048TP1041B,2021/4/17 11:20,MXIC,TSOP1-48/M2
BBU29,UTC5000S,RUNNING,P14AWDZ14,2200,048TPAW086,AAW048TP1041B,2021/4/17 18:15,MXIC,TSOP1-48/M2
BBU30,UTC5000S,RUNNING,P15AWAF12,2200,048TPAW103,AAW048TP1008B,2021/4/17 11:32,MXIC,TSOP1-48/M2
BBU31,UTC5000S,WAIT-SETUP,P15AWAF41,2200,048TPAW103,AAW048TP1008B,2021/4/17 12:16,MXIC,TSOP1-48/M2
BBU32,UTC5000S,WAIT-SETUP,,,,AAW048TP1041B,,,
BBU33,UTC5000S,IN-REPAIR,P15AWAE32,2200,048TPAW103,AAW048TP1008B,2021/4/17 12:49,MXIC,TSOP1-48/M2
BBU34,UTC5000S,RUNNING,P15AWAG15,2200,048TPAW103,AAW048TP1008B,2021/4/17 17:44,MXIC,TSOP1-48/M2
BBU35,UTC5000S,RUNNING,P15AWAG05,2200,048TPAW103,AAW048TP1008B,2021/4/17 18:19,MXIC,TSOP1-48/M2
BBU36,UTC5000S,RUNNING,P15AWAG01,2200,048TPAW103,AAW048TP1008B,2021/4/17 17:40,MXIC,TSOP1-48/M2
BBU37,UTC5000S,RUNNING,P15AWAE24,2200,048TPAW103,AAW048TP1008B,2021/4/17 11:25,MXIC,TSOP1-48/M2
BBU38,UTC5000S,RUNNING,P15AWAF47,2200,048TPAW103,AAW048TP1008B,2021/4/17 17:10,MXIC,TSOP1-48/M2
BBU39,UTC5000S,WAIT-SETUP,P15AWAF42,2200,048TPAW103,AAW048TP1008B,2021/4/17 17:33,MXIC,TSOP1-48/M2
BBU40,UTC5000S,QC,P15AWAF26,2200,048TPAW103,AAW048TP1008B,,MXIC,TSOP1-48/M2
BBU41,UTC5000S,RUNNING,P14AWDV26,2200,048TPAW086,AAW048TP1041B,2021/4/17 16:35,MXIC,TSOP1-48/M2
BBU42,UTC5000S,RUNNING,P15AWAE44,2200,048TPAW103,AAW048TP1008B,2021/4/17 8:10,MXIC,TSOP1-48/M2
BBU43,UTC5000S,WAIT-SETUP,P14AWDV29,2200,048TPAW086,AAW048TP1041B,2021/4/17 7:46,MXIC,TSOP1-48/M2
BBU44,UTC5000S,RUNNING,P15AWAF22,2200,048TPAW103,AAW048TP1008B,2021/4/17 15:15,MXIC,TSOP1-48/M2
BBU45,UTC5000S,RUNNING,P14AWDZ08,2200,048TPAW086,AAW048TP1041B,2021/4/17 15:18,MXIC,TSOP1-48/M2
BBU46,UTC5000S,RUNNING,P15AWAE47,2200,048TPAW103,AAW048TP1008B,2021/4/17 7:48,MXIC,TSOP1-48/M2
BBU47,UTC5000S,RUNNING,P14AWDZ32,2200,048TPAW086,AAW048TP1041B,2021/4/17 11:33,MXIC,TSOP1-48/M2
BBU48,UTC5000S,QC,,,,AAW048TP1008B,,,
BBU49,UTC5000S,RUNNING,P14AWDV33,2200,048TPAW086,AAW048TP1041B,2021/4/17 9:51,MXIC,TSOP1-48/M2
BBU50,UTC5000S,RUNNING,P14AWDZ01,2200,048TPAW086,AAW048TP1041B,2021/4/17 16:08,MXIC,TSOP1-48/M2
BBU51,UTC5000S,RUNNING,P15AWAE38,2200,048TPAW103,AAW048TP1008B,2021/4/17 6:59,MXIC,TSOP1-48/M2
BBU52,UTC5000S,RUNNING,P14AWD920,2200,048TPAW086,AAW048TP1041B,2021/4/17 8:12,MXIC,TSOP1-48/M2
BBU53,UTC5000S,RUNNING,P80CMEM01,3200,345XTCM022ENG,ANV345XTA011A,,ENG,STBGA345UAC
BBU54,UTC5000S,RUNNING,P14AWDZ20,2200,048TPAW086,AAW048TP1041B,2021/4/17 16:40,MXIC,TSOP1-48/M2
BBU55,UTC5000S,WAIT-SETUP,P15AWAG03,2200,048TPAW103,AAW048TP1008B,2021/4/17 18:43,MXIC,TSOP1-48/M2
BBU56,UTC5000S,RUNNING,P15AWAF33,2200,048TPAW103,AAW048TP1008B,2021/4/17 12:52,MXIC,TSOP1-48/M2
BBU57,UTC5000S,RUNNING,P14AWDS30,2200,048TPAW086,AAW048TP1041B,2021/4/16 14:34,MXIC,TSOP1-48/M2
BBU58,UTC5000S,RUNNING,P14AWDZ46,2200,048TPAW086,AAW048TP1041B,2021/4/17 14:26,MXIC,TSOP1-48/M2
BBU59,UTC5000S,WAIT-SETUP,P15AWAF27,2200,048TPAW103,AAW048TP1008B,2021/4/17 7:59,MXIC,TSOP1-48/M2
BBU60,UTC5000S,RUNNING,P15AWAG04,2200,048TPAW103,AAW048TP1008B,2021/4/17 17:03,MXIC,TSOP1-48/M2
BBU61,UTC5000S,RUNNING,P14AWDV06,2200,048TPAW086,AAW048TP1041B,2021/4/17 14:11,MXIC,TSOP1-48/M2
BBU62,UTC5000S,RUNNING,P14AWDV32,2200,048TPAW086,AAW048TP1041B,2021/4/17 14:57,MXIC,TSOP1-48/M2
BBU63,UTC5000S,RUNNING,P14AWDS45,2200,048TPAW086,AAW048TP1041B,2021/4/17 14:03,MXIC,TSOP1-48/M2
BBU64,UTC5000S,RUNNING,P14AWDV41,2200,048TPAW086,AAW048TP1041B,2021/4/17 14:06,MXIC,TSOP1-48/M2
BBU65,UTC5000S,WAIT-SETUP,P14AWE915,2200,016D5AW011,AAW016D53004A,2021/4/17 10:59,MXIC,SSLGA16DOU
BBU66,UTC5000S,SETUP,,,,AAW048TP1041B,2021/4/17 9:28,,
BBU67,UTC5000S,RUNNING,P15AWBF05,2200,016D5AW011,AAW016D53004A,2021/4/17 9:55,MXIC,SSLGA16DOU
BBU68,UTC5000S,RUNNING,P15AWAE04,2200,048TPAW103,AAW048TP1008B,2021/4/17 7:03,MXIC,TSOP1-48/M2
BBU69,UTC5000S,RUNNING,P15AWAF21,2200,048TPAW103,AAW048TP1008B,2021/4/17 10:25,MXIC,TSOP1-48/M2
BBU70,UTC5000S,RUNNING,P15AWBF13,2200,016D5AW011,AAW016D53004A,2021/4/17 15:55,MXIC,SSLGA16DOU
