bd_id,oper,model
ABW032YF1006B,2200,MAXUM
AQW008YM2001A,2200,MAXUM
ABW032YF1005A,2200,MAXUM
ACD084CC2004A,2200,UTC1000S
ACD084CC2004A,2200,UTC2000
AAW024MA6022B,2200,UTC1000S
AAW024MA6022B,2200,UTC2000
AHQ0242J1001A,2200,ICONN
AAW024MA6039A,2200,UTC2000
ACD054TN1002A,2200,UTC3000
ACD054TN1002A,2200,MAXUM
ABW032YF1008A,2200,MAXUM-PLUS
ABW032YF1008A,2200,MAXUM
AQW096EF2001A,2200,UTC1000S
AHQ028DX1002A,2200,UTC3000
ABU048TP2002A,2200,UTC2000
ABU200N71002B,2200,UTC1000S
ABU200N71002B,2200,UTC2000
ABU200N71001C,2200,UTC2000
AAW024MA6029C,2200,UTC2000
AAW048TP1034B,2200,UTC1000S
ABU200N71001B,2200,UTC2000
ABU200N71002A,2200,UTC2000
ANV132X25001A,2200,UTC2000
ANV132X25001A,3200,UTC2000
ABU090NC8003A,2200,UTC1000S
ABU090NC8003A,2200,UTC2000
ANV132X25003A,2200,UTC2000
ANV132X25003A,2200,UTC3000
AAW008Y62013A,2200,MAXUM-PLUS
AAW008Y62013A,2200,MAXUM
ABU200KX1001B,2200,UTC2000
ABU200KX1001B,3200,UTC2000
AAW024XW3002A,2200,UTC2000
ANV0086B1002A,2200,ICONN
AZA048TP2001A,2200,UTC2000
AIS048XW2001A,2200,UTC2000
AIS048XW2001A,3200,UTC2000
ANV345XTE003A,2200,UTC3000
ANV345XTE003A,3200,UTC2000
AAW048TP1019B,2200,UTC1000S
AAW048TP1019B,2200,UTC2000
AAB149KN2001A,2200,ICONN
AAB149KN2001A,3200,ICONN
ANV345XTA006A,2200,UTC3000
ANV345XTA006A,3200,UTC2000
ANV345XTA006A,3400,UTC3000
ANV345XTA006A,2200,UTC3000
ANV345XTA006A,3200,UTC2000
ANV345XTA006A,3400,UTC3000
ANV345XTA006A,2200,UTC3000
ANV345XTA006A,3200,UTC2000
ANV345XTA006A,3400,UTC3000
ANV132X2A017A,2200,UTC1000S
ALW132NY4039A,2200,UTC1000S
ALW132NY4039A,2200,UTC2000
AAS008FG1016A,2200,MAXUM-PLUS
ABU153XT9004A,2200,ICONN
ABU153XT9004A,3200,ICONN
AAB134N95002A,2200,UTC1000S
AOK086TA1001A,2200,UTC3000
TDABU165MC3079A-A,2200,UTC1000S
TDABU165MC3079A-A,2200,UTC2000
TDABU165MC3089A-A,2200,UTC1000S
TDABU165MC3089A-A,2200,UTC2000
AIR048TG2004A,2200,UTC1000S
AIR056TH2003A,2200,UTC1000S
ALW048TW1027A,2200,UTC2000
AIR048TG2001A,2200,UTC1000S
AIR048TG2002A,2200,UTC1000S
AMS063NW1006A,2200,UTC1000S
AMS063NW1006A,2200,UTC2000
AAS084CC2003A,2200,UTC2000
AAS084CC2003A,2200,UTC3000
AAW048TP1012D,2200,UTC2000
AAW052XY1001A,2200,UTC1000S
AAW052XY1001A,2200,UTC2000
ABU084CC2003A,2200,UTC1000S
ABU084CC2003A,2200,UTC2000
AOK048TV1024A,2200,UTC1000S
AOK048TV1024A,2200,UTC2000
AIR056TH2005A,2200,UTC1000S
AOK056TH1006A,2200,UTC1000S
AIR048TG2005A,2200,UTC1000S
ACD054TA1008A,2200,UTC1000S
ACD054TA1008A,2200,UTC2000
ALW048TW1024A,2200,UTC1000S
ALW048TW1024A,2200,UTC2000
ALW048TW1026A,2200,UTC1000S
ALW048TW1026A,2200,UTC2000
ABW064AE1005A,2200,MAXUM
AMS048TW1014A,2200,UTC1000S
AMS048TW1014A,2200,UTC2000
AMS048TW1015A,2200,UTC1000S
AMS048TW1015A,2200,UTC2000
AAB008YM2004B,2200,MAXUM
ANI016YU1011A,2200,MAXUM
ABW032YF1001A,2200,MAXUM
AIR048TG2006A,2200,UTC1000S
AIR048TG2006A,2200,UTC2000
AMS048TW1023A,2200,UTC1000S
AMS048TW1023A,2200,UTC2000
TDAAB130X72005A-B,2200,UTC1000S
TDAQR024XJ7001A-A,2200,UTC1000S
AAB130X72001A,2200,UTC1000S
ANI010YK1005A,2200,MAXUM
ANI012Y11002A,2200,MAXUM
AQH040ZA1002A,2200,UTC2000
ACD054TA1005B,2200,UTC1000S
ACD054TA1005B,2200,UTC2000
ANI020YU1002A,2200,ICONN
AOK048TV1001A,2200,UTC2000
ALW048TW1046A,2200,UTC1000S
ALW048TW1046A,2200,UTC2000
AAB130X72001A,2200,UTC1000S
AAB130X72001A,2200,UTC2000
AW056TH1004D,2200,UTC1000S
AIR056TH2004A,2200,UTC1000S
AOI176MQ1001A,2200,MAXUM
TDAAS084CC2033A-A,2200,MAXUM
AAS066TS1004A,2200,MAXUM
TDABW048AC1027A-A,2200,MAXUM
TDAAY100NZ3001A-A,2200,UTC2000
TDAAB008YB1012A-A,2200,MAXUM
TDAHQ028DX1001A-B,2200,UTC3000
TDAHQ028DX1002A-A,2200,UTC3000
TDABW064AE1032A-B,2200,MAXUM
TDAAB107XK3001A-A,2200,UTC3000
TDANK048TW1006A-A,2200,UTC2000
ABU084CC2001B,2200,UTC2000
AQB054TA1001A,2200,MAXUM
AQB054TA1001A,2200,ICONN
TDABW064AE1033A-A,2200,MAXUM
TDAHQ024DY1001A-A,2200,UTC3000
TDABW048AC1030A-C,2200,MAXUM
TDAAB008Y62006A-A,2200,MAXUM
TDANI016YU1061A-A,2200,MAXUM
TDAAB008YM2014A-A,2200,MAXUM
TDAAB024MA5024A-A,2200,UTC1000S
TDAAB024MA5024A-A,2200,UTC2000
TDAAB024MA6016A-A,2200,UTC1000S
TDAAB024MA6016A-A,2200,UTC2000
TDAAB107XK3002A-A,2200,UTC3000
AMS060C33002A,2200,UTC1000S
AMS060C33002A,2200,UTC2000
AMS060C33002A,2200,UTC3000
AMS078CX4002A,2200,UTC1000S
AMS078CX4002A,2200,UTC2000
AIR048TG2003A,2200,UTC1000S
AAW024XJ6005B,2200,UTC1000S
AAW024XJ6005B,2200,UTC2000
AAW024XJ6005B,3200,UTC1000S
AAW024XJ6005B,3200,UTC2000
TDARF026YI1002A-A,2200,MAXUM
NI008YK1016A,2200,MAXUM
NI068AD1002B,2200,MAXUM
ANI010YK1006A,2200,MAXUM
AOK056TH1002B,2200,UTC1000S
AOK056TH1002B,2200,UTC2000
AAY081NQ3001A,2200,UTC2000
ABU090MV1008A,2200,UTC1000S
ABU090MV1008A,2200,UTC2000
AAB130X72004A,2200,UTC2000
AAW024XJ6004A,2200,UTC2000
AAW024XJ6004A,3200,UTC2000
AGJ272KA1001A,3600,UTC3000
AGJ272KA1001A,2200,UTC3000
AGJ272KA1001A,3200,UTC3000
AGJ272KA1001A,3400,UTC3000
AGJ272KA2001A,2200,UTC2000
AGJ272KA2001A,3200,UTC2000
ALW060C33003A,2200,UTC1000S
MS054NO3002A,2200,UTC2000
ARF018YI1001A,2200,MAXUM
ARF032YI1001A,2200,MAXUM
AQR024MA5004B,2200,UTC1000S
GA054NB1003B,2200,UTC1000S
GA054NB1003B,2200,UTC2000
MS048NO3004B,2200,UTC2000
AAY100NZ3001A,2200,UTC2000
AOK056TH1008A,2200,UTC1000S
AAW056TH1010A,2200,UTC1000S
AAW056TH1010A,2200,UTC2000
AOK054TA1003A,2200,UTC3000
NK064MR3002A,2200,UTC1000S
AQBCC9W001_A,2200,UTC2000
ANI012Y11002A,2200,MAXUM
AS060CD3005C,2200,UTC1000S
AMS063NW1006B,2200,UTC1000S
AMS063NW1006B,2200,UTC2000
BU060MV1003C,2200,UTC1000S
AOI176MQ1002A,2200,MAXUM
AB084CC2005A,2200,MAXUM-PLUS
AB084CC2005A,2200,MAXUM
BU090NC1002C,2200,UTC1000S
AS063NW1002A,2200,MAXUM
AB084CC2004A,2200,MAXUM-PLUS
AB084CC2004A,2200,MAXUM-BASE
AB084CC2004A,2200,MAXUM
ALW048TW1025A,2200,UTC1000S
ALW048TW1025A,2200,UTC2000
AISXJ2W006_A,2200,UTC1000S
AISXJ2W006_A,3200,UTC1000S
NK064MR3001B,2200,UTC1000S
AS054C81001D,2200,UTC3000
ALW060C33004A,2200,UTC2000
AAW048TP1015A,2200,UTC1000S
AQB066TS1001A,2200,MAXUM
AAW130X72003A,2200,UTC2000
AAS063NW1004A,2200,MAXUM
AAS008DR1001B,2200,MAXUM
AQB054TS1001A,2200,MAXUM
TDABU165ML4041A-A,2200,UTC1000S
TDANI016YU1070A-A,2200,MAXUM
AAS063NW1001A,2200,MAXUM
AMS078EG1002A,2200,UTC1000S
AMS078EG1002A,2200,UTC2000
ALW048TW1043A,2200,UTC1000S
ALW048TW1043A,2200,UTC2000
TDAHQ026D91006A-A,2200,UTC3000
AW044TU1015E,2200,UTC1000S
DYCC2W002,2200,UTC2000
AQP056TH1003A,2200,UTC3000
ACD066TN1003B,2200,UTC2000
ACD066TN1003B,2200,MAXUM
AAS063NW1005A,2200,MAXUM
OK048TV1020A,2200,UTC1000S
OK048TV1020A,2200,UTC2000
TDAAB162KE1006A-A,2200,UTC2000
OS090MV1002A,2200,UTC1000S
AS048NA2004B,2200,UTC1000S
AAB130X72005A,2200,UTC2000
TDAHQ022D96019A-A,2200,UTC3000
AMS078C62003A,2200,UTC2000
AMS078C62003A,2200,UTC3000
MS084CC2001A,2200,UTC1000S
MS084CC2001A,2200,UTC2000
MS084CC2001A,2200,UTC3000
AAS066TS1002A,2200,MAXUM
AAS084CC2005C,2200,MAXUM
BU165ML3010B,2200,UTC1000S
AOK040TB1008B,2200,UTC1000S
AMS096EE2002A,2200,UTC2000
AMS096EE2002A,2200,UTC3000
IS048MA2008A,2200,UTC2000
OI072AF1034A,2200,MAXUM
AHQ022D96001A,2200,UTC3000
AHQ022D96003A,2200,UTC3000
BU054NO2003A,2200,UTC1000S
AAB054NO2001A,2200,UTC1000S
ACD066TN1001A,2200,UTC1000S
ACD066TN1001A,2200,UTC2000
ACD054TA1005B,2200,UTC1000S
ACD054TA1005B,2200,UTC2000
TDABU054TN1001A-A,2200,UTC2000
TDAAB008YQ2039A-A,2200,MAXUM
ACD066TA1006A,2200,UTC1000S
ACD066TA1006A,2200,UTC2000
ALP119CF5007B,2200,UTC2000
ALP119CF5007B,3200,UTC2000
ALP119CF5006A,2200,UTC2000
ALP119CF5006A,3200,UTC2000
AAS064MR3002A,2200,UTC2000
AMS096EI1001A,2200,UTC1000S
AMS096EI1001A,2200,UTC2000
AMS096EI1001A,2200,UTC3000
AAB056MT1001A,2200,UTC1000S
AAB056MT1001A,2200,UTC2000
ACD084CC2001A,2200,UTC1000S
ACD084CC2001A,2200,MAXUM
GA048MA2009B,2200,UTC1000S
AW024MA6002A,2200,UTC1000S
AAS056TH1003A,2200,UTC2000
AOK048TV1025A,2200,UTC2000
AOU054TN1001A,2200,UTC1000S
AIS048MA9002A,2200,UTC1000S
AAS056TH1001A,2200,UTC2000
OJ400M34001A,2200,UTC2000
AS054NB1002F,2200,UTC1000S
CU048MA2007B,2200,UTC1000S
AOK048TV1023A,2200,UTC1000S
TDAAB008YD2003A-A,2200,MAXUM
AAW008YM1008A,2200,MAXUM
TDAHQ0282J2002A-A,2200,ICONN
AAB048MA3002A,2200,UTC1000S
AAB056MT1002A,2200,UTC1000S
AAB024XJ6002A,2200,UTC2000
AAB024XJ6002A,3200,UTC2000
BW036AB1001A,2200,MAXUM
AAB024XJ7002A,2200,UTC2000
AAB024XJ7002A,3200,UTC2000
TDAQB066TN1026A-A,2200,MAXUM
BW048LF1014A,2200,UTC2000
ADY066TN1001A,2200,UTC2000
AAB024XJ6003A,2200,UTC2000
AAB024XJ6003A,3200,UTC2000
AAW024XJ6015B,2200,UTC2000
AAW024XJ6015B,3200,UTC2000
AAB024XJ6001A,2200,UTC2000
AAB024XJ6001A,3200,UTC2000
AOK048TV1010A,2200,UTC1000S
ACD066TN1004A,2200,UTC1000S
ACD066TN1004A,2200,UTC2000
AAB048TW1002A,2200,UTC1000S
AAB048TW1002A,2200,UTC2000
GA090NC1001B,2200,UTC1000S
AW048TP1006D,2200,UTC1000S
AW048TP1006D,2200,UTC2000
AOK048TV1027C,2200,UTC1000S
AOK048TV1027C,2200,UTC2000
AUL086TA1001A,2200,UTC2000
AAW048TP1033A,2200,UTC2000
AAB066TA1006A,2200,UTC1000S
AAB066TA1006A,2200,UTC2000
AOU054TA1004A,2200,UTC2000
ACD066TA1008B,2200,UTC1000S
ACD066TA1008B,2200,UTC2000
ACD066TA1008B,2200,UTC3000
ACD066TN1004A,2200,UTC1000S
ACD066TN1004A,2200,UTC2000
AB054TA1006A,2200,UTC1000S
ABU066TN1001A,2200,UTC1000S
AB066TA1005A,2200,UTC1000S
AB066TA1005A,2200,UTC2000
AB066TA1005A,2200,UTC3000
ABW048LF1017A,2200,UTC2000
AAB048TG2002A,2200,UTC2000
AAW048TP1031A,2200,UTC2000
AAW048TP1035B,2200,UTC2000
ACS054TS1002A,2200,UTC1000S
ACS054TS1002A,2200,UTC2000
AAB056TH2001A,2200,UTC1000S
AAB056TH2005A,2200,UTC1000S
AAB054TN1006A,2200,UTC2000
AOU066TA1004A,2200,UTC1000S
AOU066TA1004A,2200,UTC2000
AOU066TA1004A,2200,MAXUM
AAS096EL1004A,2200,MAXUM
AAW024XJ6016A,2200,UTC2000
AAW024XJ6016A,3200,UTC2000
AAB008YM2011A,2200,MAXUM
AAS084CC2008A,2200,MAXUM
ABW032YB1004B,2200,MAXUM-PLUS
ABW032YB1004B,2200,MAXUM
AB054TA1004A,2200,UTC1000S
AB054TA1004A,2200,UTC2000
AAB048TW2003A,2200,UTC2000
AAB048TW2004A,2200,UTC1000S
AAB048TW2004A,2200,UTC2000
AAW008YM1008B,2200,MAXUM
ABU090XE3001A,2200,UTC2000
ABU090XE3001A,3200,UTC2000
AAB008Y62001D,2200,MAXUM
ABW028YB1001A,2200,MAXUM-PLUS
ABW028YB1001A,2200,MAXUM
AUL054TN1002A,2200,UTC2000
AAS024MA5004A,2200,MAXUM
AAS024MA5004A,2200,ICONN
AAW008YM1007A,2200,MAXUM-PLUS
AAW008YM1007A,2200,MAXUM
AAW064MR1014A,2200,UTC1000S
AAS064MR3001A,2200,UTC1000S
ABU054NO2002A,2200,UTC1000S
AGA008YM2002A,2200,MAXUM
AGA008YM2002A,2200,ICONN
AAS008DR1005A,2200,MAXUM
ANI012Y11002C,2200,MAXUM-PLUS
ANI012Y11002C,2200,MAXUM
ANI020YU1004B,2200,ICONN
AOI064AE2001A,2200,MAXUM
NI008YK1005B,2200,MAXUM
AAS067N51007A,2200,MAXUM
ANI010YK1002A,2200,MAXUM
ANI008YK1006A,2200,MAXUM
AOK056TH1007A,2200,UTC1000S
AOU066TN1004A,2200,UTC1000S
AOU066TN1004A,2200,MAXUM-PLUS
AOU066TN1004A,2200,MAXUM
AIS048TG1005A,2200,UTC1000S
AIS048TG1006A,2200,UTC1000S
AIS048TG1006A,2200,UTC2000
AAB084RB2001A,2200,UTC1000S
AAB084RB2001A,2200,UTC2000
AAB084RB2001A,2200,UTC3000
AAB084RB2001A,2200,MAXUM
TDAAS008YQ2026A-A,2200,ICONN
NI010YK1002A,2200,MAXUM
AAW008YM1009B,2200,MAXUM-PLUS
AAW008YM1009B,2200,MAXUM
AAW008YM1009B,2200,ICONN
OI072AF1060A,2200,MAXUM
AB054TA1005A,2200,UTC1000S
AAW024MA6030A,2200,UTC2000
ACD054TA1003A,2200,UTC1000S
ACD054TA1003A,2200,UTC2000
ACD054TA1003A,2200,UTC3000
AOI064AE2002A,2200,MAXUM
AAB008Y62003A,2200,MAXUM
ANI016YU1013E,2200,MAXUM
AIJ048TP1001A,2200,UTC2000
AB066TA1002A,2200,UTC1000S
AB066TA1002A,2200,UTC2000
AB066TA1002A,2200,UTC3000
AB054TA1002A,2200,UTC1000S
AB054TA1002A,2200,UTC2000
AAB066TN1002A,2200,UTC2000
AAB008Y62004B,2200,MAXUM-PLUS
AAB008Y62004B,2200,MAXUM
AAB048TW2007A,2200,UTC1000S
AAB048TW2008A,2200,UTC2000
GA048MA2012A,2200,UTC1000S
GA048MA2012A,2200,UTC2000
AAB008Y62009A,2200,MAXUM-PLUS
AAB008Y62009A,2200,MAXUM
AAB008YM2007A,2200,MAXUM-BASE
AAB008YM2007A,2200,MAXUM-PLUS
AAB008YM2007A,2200,MAXUM
AOI064AE1066A,2200,MAXUM
NI008YK1013A,2200,MAXUM
AAW008YM1006A,2200,MAXUM-BASE
AAW008YM1006A,2200,MAXUM-PLUS
AAW008YM1006A,2200,MAXUM
AAS063NW1011A,2200,MAXUM
AAS063NW1023A,2200,MAXUM
AAS063NW1027A,2200,MAXUM
AAB054TS1001A,2200,UTC1000S
AAB054TS1001A,2200,UTC2000
AHQ0282J2002A,2200,ICONN
GA048MA2008A,2200,UTC1000S
ALP119CF5003B,2200,UTC2000
ALP119CF5003B,3200,UTC2000
AHQ030DE1001A,2200,UTC3000
AAB048TW2001A,2200,UTC1000S
AAB048TW2001A,2200,UTC2000
AAB048TW2001A,2200,MAXUM-PLUS
ABU144C71002A,2200,UTC1000S
ABU144C71002A,2200,UTC3000
AAB008YQ2002A,2200,MAXUM-PLUS
AAB008YQ2002A,2200,MAXUM
AAB056TH2002A,2200,UTC1000S
AAB056TH2002A,2200,UTC2000
ABU066TN1002A,2200,UTC1000S
AAB008YQ2006A,2200,MAXUM-PLUS
AAB008YQ2006A,2200,MAXUM
AAS054TS1002A,2200,MAXUM
AAS096EI2003A,2200,MAXUM
AAS063NW1015A,2200,MAXUM
AAW052XY1001B,2200,UTC1000S
AAW052XY1001B,2200,UTC2000
AOU054TA1005A,2200,UTC1000S
AOU054TA1005A,2200,UTC2000
AOU054TA1005A,2200,MAXUM
AAB056TH2004A,2200,UTC1000S
AAB056TH2004A,2200,UTC2000
AAB096EF2001A,2200,UTC1000S
AAB096EF2001A,2200,UTC2000
AAB096EF2001A,2200,UTC3000
AOU066TN1008A,2200,UTC1000S
AOU066TN1008A,2200,UTC2000
AOU066TN1008A,2200,MAXUM
AHQ0282J2001A,2200,ICONN
AB084CC2001A,2200,MAXUM-PLUS
AB084CC2001A,2200,MAXUM
AAW024XJ6001B,2200,UTC2000
AAW024XJ6001B,3200,UTC2000
AAB162KE1004A,2200,UTC2000
AOK044TB1001A,2200,UTC1000S
OK048TV1005B,2200,UTC1000S
ABU165MC3018A,2200,UTC1000S
ABU165MC3018A,2200,UTC2000
AAW024MA5011B,2200,UTC1000S
AAW024MA6013C,2200,UTC1000S
AW064MZ3009E,2200,UTC1000S
AAW064MR1010A,2200,UTC1000S
AAW064MR1010A,2200,UTC2000
AAW064MR3014A,2200,UTC2000
AAB084CC2006A,2200,UTC1000S
AAB084CC2006A,2200,UTC2000
AAB084CC2006A,2200,MAXUM
AOU084CC2002B,2200,UTC1000S
AOU084CC2002B,2200,UTC2000
AOU084CC2002B,2200,UTC3000
AOU084CC2002B,2200,MAXUM
AOU084CC2002B,2200,MAXUM-PLUS
AAW064MR3012A,2200,UTC1000S
AAW064MR3012A,2200,UTC2000
AAW064MR3006A,2200,UTC1000S
AAW064MR3006A,2200,UTC2000
AW064MR3010A,2200,UTC1000S
AW064MR3010A,2200,UTC2000
AAS063NW1019A,2200,MAXUM
AW064MR3002C,2200,UTC1000S
AW064MR3002C,2200,UTC2000
AAW056TH1012B,2200,UTC2000
AOK048TV1026B,2200,UTC1000S
AOK048TV1026B,2200,UTC2000
AOU084CC2004A,2200,UTC1000S
AOU084CC2004A,2200,MAXUM-PLUS
AOU084CC2004A,2200,MAXUM
AAW064MZ3022A,2200,UTC1000S
AAW064MZ3022A,2200,UTC2000
GA054NB1002A,2200,UTC1000S
ALW078ED2001A,2200,UTC1000S
ALW078ED2001A,2200,UTC2000
ALW078ED2001A,2200,UTC3000
ACD066TN1002A,2200,UTC1000S
ACD066TN1002A,2200,UTC2000
AAB008YM2015A,2200,MAXUM
AAB008YQ2012A,2200,MAXUM
AAW008YM2001B,2200,MAXUM
AQB054TN1002A,2200,MAXUM
TDACD066TN1007A-A,2200,UTC2000
AAB096EF2002A,2200,UTC2000
ABU180EK1002A,2200,UTC1000S
ABU180EK1002A,2200,UTC2000
ALP119CF5002B,2200,UTC2000
ALP119CF5002B,3200,UTC2000
AAW048TP1030B,2200,UTC1000S
AAW048TP1030B,2200,UTC2000
AAW048TP1007A,2200,UTC1000S
AW048TP1004D,2200,UTC1000S
AW048TP1004D,2200,UTC2000
AAW048TP1003A,2200,UTC1000S
AAW048TP1003A,2200,UTC2000
AAW048TG1001A,2200,UTC1000S
AAW048TG1001A,2200,UTC2000
AAW024MA6009A,2200,UTC1000S
AAW024MA6009A,2200,UTC2000
AAW024MA6009A,2200,UTC3000
AAW024MA5003A,2200,UTC1000S
AAW024MA5003A,2200,UTC2000
AAS096EL1003B,2200,MAXUM
AAB024MA5004A,2200,UTC1000S
AAB024MA5004A,2200,UTC2000
AAB024MA5007A,2200,UTC1000S
AAB024MA6001B,2200,UTC1000S
AAB024MA6006A,2200,UTC1000S
AAB024MA6006A,2200,UTC2000
AAB024MA6007A,2200,UTC1000S
ABU165MC3023A,2200,UTC1000S
ANI016YA1006A,2200,MAXUM
ABW064AE1007A,2200,MAXUM
AOK044TB1007B,2200,UTC1000S
AAB024MA6015A,2200,UTC1000S
AAB024MA6015A,2200,UTC2000
ABU036MA2002A,2200,UTC2000
AAW024MA6008A,2200,UTC1000S
AAW024MA6008A,2200,UTC2000
AAW024MA5001A,2200,UTC1000S
AAW024MA5002A,2200,UTC1000S
AAW024MA5004A,2200,UTC1000S
ABU048MA4014A,2200,UTC1000S
ABU048MA4014A,2200,UTC2000
ABU048MA4014A,2200,UTC3000
AUL060CP3003A,2200,UTC1000S
AAB008YM2017A,2200,MAXUM
AAB008YD2001A,2200,MAXUM
AAB008YD2002A,2200,MAXUM
AVE008YD2001A,2200,MAXUM
AAS063NW1020A,2200,MAXUM
AHQ0282L1002A,2200,ICONN
AAW024MA6003B,2200,UTC1000S
AAW024MA5012A,2200,UTC1000S
AAW024MA5012A,2200,UTC2000
AAW024MA6011B,2200,UTC1000S
AAW024MA6012A,2200,UTC1000S
AAW024MA6014A,2200,UTC1000S
AAW024MA6014A,2200,UTC2000
ABU165ML4002A,2200,UTC1000S
AW056TH1003D,2200,UTC1000S
AMS078EH1002A,2200,UTC1000S
AMS078EH1002A,2200,UTC2000
AMS078EH1002A,2200,MAXUM-BASE
AMS078EH1002A,2200,MAXUM-PLUS
AMS078EH1002A,2200,MAXUM
AOK048TV1009B,2200,UTC1000S
AAW048TP1009A,2200,UTC1000S
AOK056TH1003A,2200,UTC1000S
AAW024MA6017B,2200,UTC2000
AAW024MA6024A,2200,UTC2000
AAB090MV1001A,2200,UTC1000S
AAB090MV1001A,2200,UTC2000
AAB008YQ2013A,2200,MAXUM
AAB008YQ2013A,2200,ICONN
AAB008YQ2013A,3200,MAXUM
AAB008YQ2013A,3200,ICONN
AW008YM1005A,2200,MAXUM-PLUS
AW008YM1005A,2200,MAXUM
AOI064AE2003A,2200,MAXUM
AAB008YD2004A,2200,MAXUM
AAB008Y62008A,2200,MAXUM-PLUS
AAB008Y62008A,2200,MAXUM
ANI020YU1001M,2200,ICONN
ANI016YU1014D,2200,MAXUM
AAB008YM2006A,2200,MAXUM-BASE
AAB008YM2006A,2200,MAXUM-PLUS
AAB008YM2006A,2200,MAXUM
AAB008YM2006A,2200,ICONN
AAS008YD2017A,2200,MAXUM
AAW024MA5005A,2200,UTC1000S
ABU048MA4015A,2200,UTC1000S
AAW024MA5014A,2200,UTC1000S
BW072AF1002A,2200,MAXUM
ABW032YF1003A,2200,MAXUM
AOK048TV1003B,2200,UTC1000S
AAS008YM2004A,2200,MAXUM
AAB130X72002A,2200,UTC1000S
AAB130X72002A,2200,UTC2000
AAB008YQ2010A,2200,MAXUM
AAB008YQ2010A,3200,MAXUM
AAB008YM2008A,2200,MAXUM-PLUS
AAB008YM2008A,2200,MAXUM
AAB008YM2008A,2200,ICONN
AUL096EF2001A,2200,UTC1000S
AUL096EF2001A,2200,UTC2000
AVE008YD2002A,2200,MAXUM
AAS008YQ2010A,2200,ICONN
AAS008YQ2009A,2200,MAXUM
AAS008YM2006A,2200,MAXUM
AAS063NW1017A,2200,MAXUM
AAW048TP1039B,2200,UTC2000
AAW048TP1039B,2200,MAXUM-PLUS
AUL054TN1001A,2200,UTC1000S
AUL054TN1001A,2200,UTC2000
AXO132X22004A,2200,UTC2000
AXO132X22004A,2200,ICONN
AXO132X22003A,2200,UTC2000
AXO132X22003A,2200,ICONN
AXO132X22002A,2200,UTC2000
AXO132X22002A,2200,ICONN
AXO132X22001A,2200,UTC2000
AXO132X22001A,2200,ICONN
AAB008YB2001A,2200,MAXUM-PLUS
AAB008YB2001A,2200,MAXUM
AAS008YM2002A,2200,MAXUM-PLUS
AAS008YM2002A,2200,MAXUM
AAS008YM2002A,2200,ICONN
ABU144C71001B,2200,UTC1000S
ABU144C71001B,2200,UTC2000
ABU063NW1006A,2200,UTC1000S
ANI016YU1025A,2200,MAXUM
AAB008YM2003A,2200,MAXUM
AAB008YM2010A,2200,MAXUM-PLUS
AAB008YM2010A,2200,MAXUM
AAW008Y62007A,2200,MAXUM-PLUS
AAW008Y62007A,2200,MAXUM
AAB008YQ2007A,2200,MAXUM-PLUS
AAB008YQ2007A,2200,MAXUM
AAW008Y62008A,2200,MAXUM
AOU084CC2001B,2200,UTC1000S
AOU084CC2001B,2200,UTC2000
AOU084CC2001B,2200,UTC3000
AOU084CC2001B,2200,MAXUM
AOI064AE1068A,2200,MAXUM
AAS008Y62002A,2200,MAXUM
AUL086TA1002A,2200,UTC2000
AAW024MA6038B,2200,UTC1000S
AAW024MA6038B,2200,UTC2000
ACD066TN1003B,2200,UTC1000S
ACD066TN1003B,2200,UTC2000
ACD066TN1003B,2200,MAXUM-PLUS
ACD066TN1003B,2200,MAXUM
ACD066TN1005A,2200,UTC1000S
ACD066TN1005A,2200,UTC2000
ANI016YU1021A,2200,MAXUM
AAB056TH2003A,2200,UTC1000S
AAB056TH2003A,2200,UTC2000
AAW024MA6036A,2200,UTC2000
AAW064MR1006B,2200,UTC1000S
AAW064MR1006B,2200,UTC2000
AB054TA1007A,2200,UTC1000S
AB054TA1007A,2200,UTC2000
AAB048TG2001A,2200,UTC1000S
AAB048TG2001A,2200,UTC2000
ABU144C71003A,2200,UTC1000S
AOK054TS1001A,2200,UTC1000S
AOK054TS1001A,2200,UTC2000
AOK054TS1001A,2200,MAXUM-PLUS
CD066TA1007A,2200,UTC1000S
BU060MV1002C,2200,UTC1000S
BU060MV1002C,2200,UTC2000
AMS078EG1001A,2200,UTC1000S
AMS078EG1001A,2200,UTC2000
AMS078EG1001A,2200,MAXUM-BASE
AMS078EG1001A,2200,MAXUM-PLUS
ANI010YK1004B,2200,MAXUM-PLUS
ANI010YK1004B,2200,MAXUM
AGA008Y62002A,2200,MAXUM-PLUS
AGA008Y62002A,2200,MAXUM
AGA008Y62002A,2200,ICONN
BU048MW2006B,2200,UTC1000S
ANI032AA1014A,2200,MAXUM
AAB008Y62007A,2200,MAXUM-PLUS
AAB008Y62007A,2200,MAXUM
AAB008Y62005A,2200,MAXUM-PLUS
AAB008Y62005A,2200,MAXUM
AAW008YM1010B,2200,MAXUM
AAS096EI2008A,2200,MAXUM
GA054NB1001B,2200,UTC1000S
IS048XJ2006A,3200,UTC1000S
IS048XJ2006A,2200,UTC1000S
AAS162KE1002A,2200,MAXUM
AUK012DN2001A,2200,UTC2000
AUK012DN2001A,2200,UTC3000
AAS096EL3001A,2200,MAXUM
AAS096EL3001A,2200,ICONN
AAS096EL3001A,3200,MAXUM
AAS096EL3001A,3200,ICONN
AAS096EL3003A,2200,MAXUM
AAS096EL3003A,2200,ICONN
AAS096EL3003A,3200,MAXUM
AAS096EL3003A,3200,ICONN
AAW024MA6037A,2200,UTC2000
ABU078C93001A,2200,UTC1000S
ABU078C93001A,2200,UTC2000
AAS008YD2021A,2200,MAXUM
AAB024MA5014A,2200,UTC1000S
AAB024MA5014A,2200,UTC2000
AAW024MA5006A,2200,UTC1000S
ABU096EA1002A,2200,UTC1000S
ABU096EA1002A,2200,UTC2000
AOK040TB1010A,2200,UTC1000S
BU048MA2001E,2200,UTC1000S
BU048MA2001E,2200,UTC3000
ABU144C71004A,2200,UTC1000S
ABU144C71004A,2200,UTC2000
AAB048TW2012A,2200,UTC2000
ADY060CD4002A,2200,UTC1000S
ADY060CD4002A,2200,UTC2000
ABU165ML3013A,2200,UTC1000S
OK054TA1002A,2200,UTC3000
ABW048LF1018A,2200,UTC1000S
AOK070TB1001A,2200,UTC1000S
AOK070TB1002A,2200,UTC1000S
AOK070TB1003A,2200,UTC1000S
AOK070TB1004A,2200,UTC1000S
ABW048LF1019A,2200,UTC1000S
AAB066TN1003A,2200,UTC1000S
AAB066TN1003A,2200,MAXUM
AHD054TS1001A,2200,MAXUM
AAB008YM2016A,2200,MAXUM
AAW064MR3015A,2200,UTC1000S
AAW064MZ3013A,2200,UTC1000S
AOK056TH1001B,2200,UTC1000S
ACD066TN1006A,2200,UTC1000S
ACD066TN1006A,2200,UTC2000
AAS067N51012A,2200,MAXUM
AAB054TN1001A,2200,UTC1000S
AAB054TN1001A,2200,UTC2000
AAW064MZ3021A,2200,UTC2000
AB024MA6002A,2200,UTC2000
AB048MA3001A,2200,UTC1000S
AB084CC2003A,2200,UTC1000S
ABU036MA2008A,2200,UTC1000S
ABU048MA2015A,2200,UTC1000S
ABU054MF1001A,2200,UTC1000S
ACD054MF2002A,2200,UTC1000S
ACD054MF2002A,2200,UTC2000
ABU090NC8004A,2200,UTC1000S
ABU054MV1002A,2200,UTC1000S
ABU054NB2001A,2200,UTC1000S
AB090NC4001A,2200,UTC1000S
AB090NC4001A,2200,UTC2000
AOK040TB1004A,2200,UTC1000S
AOK040TB1003A,2200,UTC1000S
AOK040TB1005A,2200,UTC1000S
AOK040TB1009A,2200,UTC1000S
ABU054NO2004A,2200,UTC2000
AUL060CP3001A,2200,UTC1000S
ALW078MD2002A,2200,UTC1000S
ALW078MD2002A,2200,UTC2000
BW048LF1013A,2200,UTC1000S
AAB024MA6016A,2200,UTC1000S
AAB024MA6016A,2200,UTC2000
AAB024MA6014A,2200,UTC1000S
AAB024MA6014A,2200,UTC2000
AB054NB2002A,2200,UTC1000S
AB060NR1003A,2200,UTC1000S
AB060NR1003A,2200,UTC2000
AAB130X72006A,2200,UTC2000
AAS063NW1005B,2200,MAXUM
ABU054MV1004A,2200,UTC1000S
ABU078EA1001A,2200,UTC1000S
ABU078EA1001A,2200,UTC2000
ABU048TP2004A,2200,UTC1000S
AAS067N51001A,2200,MAXUM
ABU048MA2016A,2200,UTC1000S
ABU048MA2016A,2200,UTC2000
BU048MA2013B,2200,UTC1000S
ABU048MA4011C,2200,UTC1000S
AAB024XJ6005A,3200,UTC2000
AAB024XJ6005A,2200,UTC2000
AMS096EE1001A,2200,UTC1000S
AMS096EE1001A,2200,UTC2000
AMS096EE1001A,2200,UTC3000
AMS096EE1001A,2200,MAXUM-BASE
AMS096EE1001A,2200,MAXUM-PLUS
AMS096EE1001A,2200,ICONN
AAW016D53006A,2200,UTC2000
AAB008YM2020A-A,2200,MAXUM-PLUS
AAB008YM2020A-A,2200,MAXUM
ABU048MA4010B,2200,UTC1000S
AAW024MA6006C,2200,UTC1000S
AAW024MA6006C,2200,UTC2000
ABU054NB2004C,2200,UTC1000S
AS048NA2008C,2200,UTC2000
AAB024MA6013A,2200,UTC1000S
AAB024MA6013A,2200,UTC2000
ABU063NW1004A,2200,UTC1000S
ABU063NW1004A,2200,UTC2000
ABU060C91004A,2200,UTC1000S
ABW032YF1009A,2200,MAXUM-BASE
ABW032YF1009A,2200,MAXUM-PLUS
ABW032YF1009A,2200,MAXUM
BU048MA2009B,2200,UTC1000S
AAB024MA5009A,2200,UTC1000S
AAB008YQ2016A,2200,MAXUM
AAB008YQ2016A,3200,MAXUM
AAB008YM2009A,2200,MAXUM-PLUS
AAB008YM2009A,2200,MAXUM
AAS008YM2003A,2200,MAXUM
AAS008YM2003A,2200,ICONN
AAS008YM2007A,2200,MAXUM
AAS008YM2005A,2200,MAXUM
AAS008YQ2004B,2200,ICONN
AAW008Y62005B,2200,MAXUM-PLUS
AAW008Y62005B,2200,MAXUM
ALW048TW1051A,2200,UTC1000S
ALW048TW1052A,2200,UTC2000
NI040AB1002A,2200,MAXUM
AAB008YB2003A,2200,MAXUM-PLUS
AAB008YB2003A,2200,MAXUM
AAB008YM2001B,2200,MAXUM-BASE
AAB008YM2001B,2200,MAXUM-PLUS
AAB008YM2001B,2200,MAXUM
AOI072AF1082A,2200,MAXUM
AAS008YD2015A,2200,MAXUM
AOI064AE1056B,2200,MAXUM
AAW016D53005A,2200,UTC2000
AAW016D53005A,2200,MAXUM-PLUS
AOK070TB1005A,2200,UTC1000S
ANV048TR2007B,2200,UTC1000S
ANV048TR2003B,2200,UTC1000S
ABU048MA4016A,2200,UTC1000S
ABU048MA4016A,2200,UTC2000
ABU064MR1001A,2200,UTC2000
AAW024MA6040A,2200,UTC1000S
AAB008YM2022A,2200,MAXUM-PLUS
GA048MA2001B,2200,UTC1000S
ABU060NL3002A,2200,UTC1000S
AAW024XJ6011B,2200,UTC2000
AAW024XJ6011B,2200,UTC3000
AAW024XJ6011B,3200,UTC2000
AAW024XJ6011B,3200,UTC3000
AAW016D53003E,2200,UTC2000
AAW016D53003E,2200,MAXUM-PLUS
BU048MA2002A,2200,UTC1000S
CU048MA2012A,2200,UTC1000S
ABU054MV1005A,2200,UTC1000S
AAW024XJ6013B,2200,UTC2000
AAW024XJ6013B,3200,UTC2000
AAW024XJ6012A,3200,UTC2000
AAW024XJ6012A,3200,UTC3000
AAW024XJ6012A,2200,UTC2000
AAW024XJ6012A,2200,UTC3000
AAB130X72006A,2200,UTC2000
AMS048TW1016A,2200,UTC2000
ABU064RK1003A,2200,UTC1000S
ABU064RK1003A,2200,UTC2000
ABU078C93002A,2200,UTC2000
BU090MV1008A,2200,UTC1000S
BU090MV1008A,2200,UTC2000
AAB024MA6003A,2200,UTC1000S
AAB060NR1002A,2200,UTC1000S
AAB064NP4001B,2200,UTC1000S
AAB064NP4001B,2200,UTC2000
AAB064NP4002A,2200,UTC2000
AAB060NR1005A,2200,UTC1000S
AAB060NR1005A,2200,UTC2000
AAB060NR1005A,2200,UTC3000
AAB064NP4003A,2200,UTC1000S
AAB064NP4003A,2200,UTC2000
AAB090NC4007A,2200,UTC1000S
AB024MA5005A,2200,UTC1000S
AAB090NC4004A,2200,UTC1000S
AAB090NC4005A,2200,UTC1000S
AGA090NC4006A,2200,MAXUM
AAB008YQ2017A,2200,MAXUM
AAB008YQ2015A,2200,MAXUM
ABU090NC8002B,2200,UTC1000S
ABU054NO2008A,2200,UTC1000S
ABU060MV2001A,2200,UTC1000S
AAW024MA5010B,2200,UTC1000S
ABU165ML3001A,2200,UTC1000S
ABU165ML4003A,2200,UTC2000
ABU165ML4004A,2200,UTC1000S
TDALW132NY4004A-B,2200,UTC1000S
ABU180EK1001A,2200,UTC2000
ADY060CP3013A,2200,UTC2000
ADY060CP3014A,2200,UTC1000S
ADY060CP3014A,2200,UTC2000
AGA054NB1008A,2200,UTC1000S
AGJ132X22001A,2200,UTC2000
AGA090NC4004A,2200,UTC1000S
ABU165ML4006A,2200,UTC1000S
ABU165ML4006A,2200,UTC2000
AGA090NC4005A,2200,MAXUM
AAB008Y62013A,2200,MAXUM
AAB008YM2024A,2200,MAXUM
AAB008YQ2018A,2200,MAXUM
AAB008YQ2019A,2200,MAXUM
AAB008YQ2019A,3200,MAXUM
AMS048TW1031A,2200,UTC1000S
AAW016D53001C,2200,UTC2000
AAW016D53001C,2200,MAXUM-PLUS
AMS078ED1001A,2200,UTC1000S
AMS078ED1001A,2200,UTC2000
AMS078ED1001A,2200,UTC3000
AMS078ED1001A,2200,MAXUM
AMS078ED1001A,2200,MAXUM-PLUS
AMS078ED1001A,2200,ICONN
AMS078ED2001A,2200,UTC1000S
AMS078ED2001A,2200,UTC2000
AMS078ED2001A,2200,UTC3000
AMS096EC1003A,2200,UTC1000S
AMS096EC1003A,2200,UTC2000
AMS096EC1003A,2200,UTC3000
AMS096EC1003A,2200,MAXUM-PLUS
TDANV0086B1029A-B,2200,MAXUM-PLUS
AB060NR1001A,2200,UTC1000S
AB060NR1001A,2200,UTC2000
AB060NR1001A,2200,UTC3000
AAB024MA6019A,2200,UTC2000
AMS078EH1001A,2200,UTC1000S
AMS078EH1001A,2200,UTC2000
AMS078EH1001A,2200,UTC3000
AAB024XJ6006A,2200,UTC2000
AAB024MA6010A,2200,UTC1000S
AAB024MA6010A,2200,UTC2000
ADY060C32003A,2200,UTC1000S
ADY060C32003A,2200,UTC2000
AAB084CC2009A,2200,MAXUM-PLUS
AAB084CC2009A,2200,MAXUM
AQW084CC2003A,2200,UTC1000S
AQW084CC2003A,2200,UTC2000
AOU084CC2003A,2200,UTC1000S
AUL060CP3002A,2200,UTC1000S
BU048MA4003C,2200,UTC1000S
AAW064MR1002B,2200,UTC1000S
AAW064MR1002B,2200,UTC2000
AAW048TP1042A,2200,UTC2000
AGA048MA2010A,2200,UTC1000S
DY084CC2002A,2200,UTC2000
DY084CC2002A,2200,UTC3000
AAS008YD2016A,2200,MAXUM
AAB008YQ2020A,2200,MAXUM
ACS054TS1003A,2200,UTC1000S
AMS078C91003A,2200,UTC1000S
AMS078C91003A,2200,UTC2000
AMS078C91003A,2200,UTC3000
AMS078C91003A,2200,MAXUM
AMS078C91003A,2200,MAXUM-PLUS
AMS078CH2001A,2200,UTC1000S
AMS078CH2001A,2200,UTC2000
AMS078CH2001A,2200,UTC3000
AMS078CH2001A,2200,MAXUM-PLUS
AMS078CH2001A,2200,MAXUM
AB066TA1003A,2200,UTC1000S
AAW048TP1008A,2200,UTC2000
AAS008YD2010A,2200,MAXUM
AAB066TN1004A,2200,UTC1000S
AAB066TN1004A,2200,UTC2000
AAB066TN1004A,2200,MAXUM
ALW096EE1001A,2200,UTC1000S
ALW096EE1001A,2200,UTC2000
ALW096EE1001A,2200,UTC3000
ALW096EE1001A,2200,MAXUM-BASE
ALW096EE1001A,2200,MAXUM-PLUS
ALW096EE1001A,2200,ICONN
AGJ132X25004A,2200,UTC1000S
AGJ132X25004A,2200,UTC2000
ACD054MF2003A,2200,UTC1000S
ACD054MF2003A,2200,UTC2000
AAB024MA6008A,2200,UTC1000S
AIS048MA9003A,2200,UTC2000
AAB024MA5012A,2200,UTC1000S
AAB024MA5012A,2200,UTC2000
AAW024MA6033B,2200,UTC1000S
AAW024MA6033B,2200,UTC2000
AAW024MA6043A,2200,UTC1000S
AAW024MA6043A,2200,UTC2000
AAW024MA5017A,2200,UTC1000S
AQB066TN1003A,2200,MAXUM
ABW048AB1001A,2200,MAXUM-PLUS
ABW048AB1001A,2200,MAXUM
AAB054TS1002A,2200,UTC1000S
AAB054TS1003A,2200,UTC1000S
AB066TA1004A,2200,UTC1000S
AB066TA1004A,2200,UTC2000
AB066TA1004A,2200,MAXUM
AAS008YD2014A,2200,MAXUM
AGJ132X25002A,2200,UTC2000
AGJ132X25002A,2200,UTC3000
AAW024XJ6008B,2200,UTC2000
AAW024XJ6008B,3200,UTC2000
AGJ132X25006A,2200,UTC2000
ABW048AC1003A,2200,MAXUM-PLUS
ABW048AC1003A,2200,MAXUM
ABW048AC1004B,2200,MAXUM-PLUS
ABW048AC1004B,2200,MAXUM
AAW064MR1003B,2200,UTC1000S
ABW032YF1007B,2200,MAXUM-PLUS
ABW032YF1007B,2200,MAXUM
ABW072AF1004A,2200,MAXUM-BASE
ABW072AF1004A,2200,MAXUM-PLUS
ABW072AF1004A,2200,MAXUM
ANI016YU1023A,2200,MAXUM-PLUS
ANI016YU1023A,2200,MAXUM
BU060MV1004A,2200,UTC1000S
ABU048MA2017A,2200,UTC1000S
ALW096EE1001A,2200,UTC1000S
ALW096EE1001A,2200,UTC2000
ALW096EE1001A,2200,UTC3000
ALW096EE1001A,2200,MAXUM-BASE
ALW096EE1001A,2200,MAXUM-PLUS
ALW096EE1001A,2200,ICONN
AAW024MA6027C,2200,UTC2000
ANI016YA1005A,2200,MAXUM-PLUS
ANI016YA1005A,2200,MAXUM
ABW056AD1006A,2200,MAXUM-PLUS
ABW056AD1006A,2200,MAXUM
AAS008YM2010A,2200,MAXUM-PLUS
AAS008YM2010A,2200,MAXUM
AAB162KE1005A,2200,UTC3000
AAB008YQ2021A,2200,MAXUM
BW032YB1001A,2200,MAXUM-PLUS
BW032YB1001A,2200,MAXUM
AGJ132X25003A,2200,UTC2000
AGJ132X25003A,3200,UTC2000
AAB008YQ2004A,2200,MAXUM
AAB008YQ2004A,3200,MAXUM
ABU048MA4013B,2200,UTC1000S
ABU048MA4013B,2200,UTC2000
AAW024MA6028B,2200,UTC2000
AAW024MA6034B,2200,UTC2000
AAW024MA6041B,2200,UTC2000
AAW024MA6035B,2200,UTC1000S
AAW024MA6035B,2200,UTC2000
AAW048TP1023B,2200,UTC1000S
AAB024XJ6004A,2200,UTC2000
AAB024XJ6004A,3200,UTC2000
ABU024XJ6001A,2200,UTC2000
ANI010YK1007A,2200,MAXUM
AAB008YQ2024A,2200,MAXUM
AAB008YM2026A,2200,MAXUM
BW032YB1003A,2200,MAXUM-PLUS
BW032YB1003A,2200,MAXUM
AAB008YQ2023A,2200,MAXUM
AAB008YQ2023A,3200,MAXUM
ABW036AB1004A,2200,MAXUM-BASE
ABW036AB1004A,2200,MAXUM-PLUS
ABW036AB1004A,2200,MAXUM
ABW036AB1004A,2200,ICONN
ABW064AE1008A,2200,MAXUM-PLUS
ABW064AE1008A,2200,MAXUM
AGJ132X2A003A,2200,UTC2000
AGJ132X2A003A,2200,UTC3000
AAW048TP1012E,2200,UTC2000
ABW032YF1011B,2200,MAXUM
AHQ028DX1003A,2200,UTC3000
ABW052AC1002A,2200,MAXUM-BASE
ABW052AC1002A,2200,MAXUM-PLUS
ABW052AC1002A,2200,MAXUM
ABW052AC1003A,2200,MAXUM
ABW052AC1004A,2200,MAXUM-PLUS
ABW052AC1004A,2200,MAXUM
ABW048AC1007A,2200,MAXUM-PLUS
ABW048AC1007A,2200,MAXUM
ANV132X2A001A,2200,UTC1000S
ANV132X2A001A,2200,UTC2000
ABU060C91003A,2200,UTC1000S
ABU060NL3004A,2200,UTC1000S
BU048MW2002C,2200,UTC1000S
ALW132NY4003A,2200,UTC1000S
ALW132NY4004A,2200,UTC1000S
ALW132NY4002A,2200,UTC2000
ABU100X69001A,2200,UTC2000
AAB054NB2003A,2200,UTC1000S
ABW056AD1004A,2200,MAXUM-BASE
ABW056AD1004A,2200,MAXUM-PLUS
ABW056AD1004A,2200,MAXUM
ABW032YF1004B,2200,MAXUM-PLUS
ABW032YF1004B,2200,MAXUM
TDAAS024MA5015A-A,2200,MAXUM
AUK012DN2002A,2200,UTC2000
AUK012DN2002A,2200,UTC3000
ABU048MA4012B,2200,UTC1000S
ABU048MA4012B,2200,UTC2000
ANV132X25004B,2200,UTC1000S
ANV132X25004B,2200,UTC2000
AOI064AE1040A,2200,MAXUM
ANV132X25001B,2200,UTC2000
ANV132X25001B,3200,UTC2000
ABU008YD2004A,2200,MAXUM
AAW024MA6039B,2200,UTC2000
ABU048MW2004A,2200,UTC1000S
ABW036AB1005A,2200,MAXUM-PLUS
ABW036AB1005A,2200,MAXUM
AAB008YQ2025A,2200,MAXUM
ABU008Y62004A,2200,MAXUM
AAW008Y62004A,2200,MAXUM-PLUS
AAW008Y62004A,2200,MAXUM
ABW036AB1006A,2200,MAXUM-PLUS
ABW036AB1006A,2200,MAXUM
ABW048AC1010A,2200,MAXUM-PLUS
ABW048AC1010A,2200,MAXUM
AGJ132X25007A,2200,UTC2000
AGJ132X25007A,2200,UTC3000
AAW064MR1012A,2200,UTC1000S
AAS008YM2009A,2200,MAXUM
AAS008YM2009A,2200,ICONN
AAW008Y62012A,2200,MAXUM
ABU008YD2003A,2200,MAXUM
ABW032YF1008B,2200,MAXUM-PLUS
ABW032YF1008B,2200,MAXUM
ABW048AC1002A,2200,MAXUM-PLUS
ABW048AC1002A,2200,MAXUM
ABW048AC1008A,2200,MAXUM-PLUS
ABW048AC1008A,2200,MAXUM
OI072AF1048A,2200,MAXUM
AAW008Y62006B,2200,MAXUM-PLUS
AAW008Y62006B,2200,MAXUM
ABW056AD1005A,2200,MAXUM-PLUS
ABW056AD1005A,2200,MAXUM
AAB084CC2007A,2200,UTC1000S
AAB084CC2007A,2200,UTC2000
AOI064AE1054B,2200,MAXUM
OI072AF1061A,2200,MAXUM
ALW048TW1055A,2200,UTC1000S
AGJ132X2A006A,2200,UTC2000
ABU090NC8003B,2200,UTC1000S
ABU090NC8003B,2200,UTC2000
ABU024MA6003A,2200,UTC1000S
ABU024MA6003A,2200,UTC2000
ACD084CC2003A,2200,UTC1000S
ACD084CC2003A,2200,UTC2000
ACD084CC2003A,2200,UTC3000
ACD084CC2003A,2200,MAXUM-PLUS
ACD084CC2003A,2200,MAXUM
AAB060NR1004B,2200,UTC1000S
AAB060NR1004B,2200,UTC2000
AAB084CC2007A,2200,MAXUM-PLUS
AAB084CC2007A,2200,MAXUM
AAB054NB2001A,2200,UTC1000S
ACD060CD3003A,2200,UTC1000S
ACD060CD3003A,2200,UTC2000
AGA090NC4003A,2200,UTC1000S
ABU054NO2007A,2200,UTC1000S
AAW008Y62003D,2200,MAXUM-PLUS
AAW008Y62003D,2200,MAXUM
AAW024MA6044A,2200,UTC2000
AAW048TP1042B,2200,UTC2000
ABW048AC1011A,2200,MAXUM-PLUS
ABW048AC1011A,2200,MAXUM
ABW032YF1005B,2200,MAXUM
ADY084XU3002A,2200,UTC2000
ADY084XU3002A,3200,UTC2000
ANV048TR2012A,2200,UTC1000S
ANV048TR2012A,2200,UTC2000
ANV048TR2012A,2200,MAXUM-PLUS
ANI072AF1006A,2200,MAXUM
AGJ132X2A008A,2200,UTC2000
ACS054TN1002A,2200,UTC1000S
ACS054TN1002A,2200,UTC2000
ACS054TS1006A,2200,UTC1000S
ACS054TS1006A,2200,UTC2000
ACS054TS1007A,2200,UTC1000S
ACS054TS1007A,2200,UTC2000
ACS054TS1008A,2200,UTC1000S
ACS054TS1008A,2200,UTC2000
ACS054TS1010A,2200,UTC2000
ACS054TS1011A,2200,UTC1000S
ACS054TS1011A,2200,UTC2000
ABU008YD2002A,2200,MAXUM
AAS008Y62003A,2200,MAXUM
AAB162KE1003A,2200,UTC1000S
AAB162KE1003A,2200,UTC2000
NI010YK1001A,2200,MAXUM
AAB162KE1001A,2200,UTC1000S
AAB162KE1001A,2200,UTC2000
AAB008YM2028A,2200,MAXUM
TDAHQ0282L3023A-A,2200,ICONN
ANI018YG1008B,2200,MAXUM
ABU008YD2008A,2200,MAXUM
AAW048TP1022B,2200,UTC1000S
AAW048TP1022B,2200,UTC2000
AQH040ZA1002C,2200,UTC2000
AAS008YM2018A,2200,MAXUM
AAS008YM2018A,2200,ICONN
AAW064MR1001A,2200,UTC1000S
AAW064MR1001A,2200,UTC2000
ABU024MA6001A,2200,UTC1000S
ABU024MA6001A,2200,UTC2000
ABU024MA6001A,2200,UTC3000
ABU064MR1002A,2200,UTC2000
ABU200N71003A,2200,UTC2000
ABU200N71004A,2200,UTC1000S
ABU200N71004A,2200,UTC2000
ACD096EL1001A,2200,UTC1000S
ACD096EL1001A,2200,UTC2000
ACD096EL1001A,2200,UTC3000
AGJ132X25005A,2200,UTC1000S
AGJ132X25005A,2200,UTC2000
AGJ132X25005A,2200,UTC3000
AQW008YM2001B,2200,MAXUM
ABW064AE1006A,2200,MAXUM-PLUS
ABW064AE1006A,2200,MAXUM
ABW072AF1003A,2200,MAXUM-BASE
ABW072AF1003A,2200,MAXUM-PLUS
ABW072AF1003A,2200,MAXUM
ABW072AF1003A,2200,ICONN-PLUS
AQW096EF2001B,2200,UTC1000S
AYZ096EF2001A,2200,UTC1000S
AYZ096EF2001A,2200,UTC2000
AGJ252X29001A,2200,UTC2000
AGJ252X29001A,2200,UTC3000
ANV132X2A003A,2200,UTC1000S
ABW032YF1001B,2200,MAXUM-PLUS
ABW032YF1001B,2200,MAXUM
AOI064AE1036A,2200,MAXUM
AGJ132X2A001A,2200,UTC2000
AGJ132X2A002A,2200,UTC2000
AGJ132X2A002A,2200,UTC3000
AGJ132X2A010A,2200,UTC2000
AGJ132X2A009A,2200,UTC2000
AHQ0282L3002A,2200,ICONN
AAW024MA6019B,2200,UTC1000S
AAW024MA6019B,2200,UTC2000
AAW024MA6022C,2200,UTC1000S
AAW024MA6022C,2200,UTC2000
ABU084CC2002B,2200,UTC1000S
ABU084CC2002B,2200,UTC2000
ABU084CC2001C,2200,UTC1000S
ABU084CC2001C,2200,UTC2000
AAW008Y62002D,2200,MAXUM-PLUS
AAW008Y62002D,2200,MAXUM
AAW008Y62002D,2200,ICONN
AGA008Y62003A,2200,MAXUM-PLUS
AGA008Y62003A,2200,MAXUM
ABW048AC1006A,2200,MAXUM-PLUS
ABW048AC1006A,2200,MAXUM
AQW084CC2004A,2200,UTC1000S
AQW084CC2004A,2200,UTC3000
AQW084CC2004A,2200,MAXUM
AQW084CC2002A,2200,UTC1000S
AQW084CC2002A,2200,UTC2000
AQW084CC2002A,2200,MAXUM-PLUS
AQW084CC2002A,2200,MAXUM
AQW096EF2002A,2200,UTC1000S
AQW096EF2002A,2200,UTC2000
TDANV0086A1079A-A,2200,MAXUM-PLUS
ANV048TR2009A,2200,UTC1000S
ANV048TR2009A,2200,UTC2000
ANV048TR2009A,2200,MAXUM-PLUS
ANV048TR2004B,2200,UTC1000S
ANV048TR2012A,2200,UTC1000S
ANV048TR2012A,2200,UTC2000
ANV048TR2012A,2200,MAXUM-PLUS
TDAAB121XV7003A-A,2200,UTC2000
TDAAB121XV7004A-A,2200,UTC2000
ABU008YD2009A,2200,MAXUM
AAS008YM2015A,2200,MAXUM
AAS008YM2015A,2200,ICONN
ANI032AA1015A,2200,MAXUM
AAB024MA6022A,2200,UTC1000S
AAB024MA6022A,2200,UTC2000
AAB024MA6022A,2200,UTC3000
ABW048AC1009A,2200,MAXUM
AAS008YQ9001A,2200,MAXUM
AAS008YQ9001A,2200,ICONN
ABUEA3W001_A,2200,UTC2000
ABUEA3W001_A,2200,UTC3000
ABUEA3W001_A,3200,UTC2000
ABUEA3W001_A,3200,UTC3000
AAB024MA6018A,2200,UTC1000S
AAB024MA6018A,2200,UTC2000
AYZ084CC2003A,2200,UTC1000S
AYZ084CC2003A,2200,UTC2000
AYZ084CC2003A,2200,UTC3000
AYZ084CC2003A,2200,MAXUM-PLUS
AYZ084CC2003A,2200,MAXUM
AAB090MV1002A,2200,UTC1000S
AAB090MV1002A,2200,UTC2000
AAW064MR1008B,2200,UTC1000S
AAW064MR1008B,2200,UTC2000
AAW064MR1015A,2200,UTC1000S
AAW064MR1015A,2200,UTC2000
AHQ0242D1001B,2200,UTC2000
AHQ0242D1001B,2200,UTC3000
NI008YK1008A,2200,MAXUM
NI008YK1008A,2200,ICONN-PLUS
ABU024XJ6002A,2200,UTC2000
ABU024XJ6002A,3200,UTC2000
ANV132X2C001A,2200,UTC2000
AUL200KX1001A,2200,UTC2000
AUL200KX1001A,3200,UTC2000
AHD048MA7001A,2200,UTC2000
ANV132X25002B,2200,UTC1000S
ANV132X25002B,2200,UTC2000
ANV132X25002B,2200,UTC3000
AOI064AE1041A,2200,MAXUM
AAW008YM2002A,2200,MAXUM
ANV132X25014A,2200,UTC2000
ANV132X25015A,2200,UTC2000
ABU048TP2003B,2200,UTC1000S
ABU048TP2003B,2200,UTC2000
AAW024MA6045A,2200,UTC2000
AAB066TN1001A,2200,UTC2000
AAB066TN1001A,2200,MAXUM-PLUS
AAB066TN1001A,2200,MAXUM
AUK012DN2004A,2200,UTC2000
AUK012DN2004A,2200,UTC3000
AAB048TW2002A,2200,UTC1000S
AAB048TW2002A,2200,UTC2000
AAB048TW2002A,2200,MAXUM-PLUS
AAW048TP1043A,2200,UTC1000S
AAW048TP1043A,2200,UTC2000
ABU165ML3014A,2200,UTC1000S
AQB066TN1004A,2200,MAXUM
ANV132X25009A,2200,UTC2000
ALW200KK2013A,2200,UTC1000S
ALW200KK2013A,2200,UTC2000
ALW200KK2002A,2200,UTC3000
ALW200KK2003A,2200,UTC3000
ALW200KK2004A,2200,UTC3000
ALW200KK2005A,2200,UTC1000S
ALW200KK2005A,2200,UTC2000
ALW200KK2006A,2200,UTC3000
ALW132NY4008A,2200,UTC1000S
ALW132NY4008A,2200,UTC2000
AGJ132X2A004A,2200,UTC1000S
AGJ132X2A004A,2200,UTC2000
ACD054MF2004A,2200,UTC1000S
ACD054MF2004A,2200,UTC2000
AGA048MA2013A,2200,UTC1000S
AGA048MA2013A,2200,UTC2000
ABU008YQ2006A,2200,MAXUM
AAW052XY1002A,2200,UTC1000S
AAW052XY1002A,2200,UTC2000
AGJ132X25010A,2200,UTC2000
AAS008YM2019A,2200,MAXUM
AAS008YM2019A,2200,ICONN
AHQ0413V1001A,2200,ICONN
AHQ0413V1001A,3200,ICONN
ABU096EF5001A,2200,UTC2000
ABU096EF5001A,3200,UTC2000
ALW132NY4009A,2200,UTC2000
ALW132NY4014A,2200,UTC1000S
ALW132NY4014A,2200,UTC2000
AGJ132X25008A,2200,UTC1000S
AGJ132X25008A,2200,UTC2000
AGJ132X25008A,2200,UTC3000
AAW024XW3001A,2200,UTC2000
AAB008YQ2026A,2200,MAXUM
ANV0086A1001A,2200,MAXUM-PLUS
ANV0086A1001A,2200,MAXUM
ANV048TR2049A,2200,UTC1000S
ANV048TR2027A,2200,UTC1000S
ANV048TR2027A,2200,MAXUM-PLUS
ANV048TR2038A,2200,UTC1000S
ANV048TR2048A,2200,UTC1000S
AAB060NR1007A,2200,UTC1000S
AAB060NR1007A,2200,UTC2000
AAB024MA6012A,2200,UTC1000S
AAB024MA6012A,2200,UTC2000
ABU048MA4009A,2200,UTC1000S
ABU090MV2001A,2200,UTC1000S
ABU090MV2001A,2200,UTC2000
ABU064MR1003A,2200,UTC2000
AB024MA5003A,2200,UTC2000
ABW048AC1005B,2200,MAXUM-PLUS
ABW048AC1005B,2200,MAXUM
AGA134N91002A,2200,UTC3000
ACD054MF2001A,2200,UTC1000S
ACD054MF2001A,2200,UTC2000
ANV132X25006B,2200,UTC2000
ALW048TW1050A,2200,UTC1000S
ALW048TW1050A,2200,UTC2000
AHQ0282J2003A,2200,ICONN
AHQ0282J2003A,2200,ICONN-PLUS
AHQ0223R1001A,2200,ICONN
AAB008YQ2027A,2200,MAXUM
ANV0086A1025A,2200,ICONN
ALW078C93001A,2200,UTC2000
ALW078C93001A,2200,UTC3000
ALW078C93001A,2200,MAXUM-PLUS
ALW078C93001A,2200,MAXUM
ALW078C93001A,2200,ICONN
ABU054MF2001B,2200,UTC1000S
ABU054MF2001B,2200,UTC2000
ABU054MF2001B,2200,UTC3000
ACD060CD3002A,2200,UTC1000S
AAB008YQ2003A,2200,MAXUM-PLUS
AAB008YQ2003A,2200,MAXUM
AVE054TS1001B,2200,UTC2000
ABU008YM2003A,2200,MAXUM
ABU008YM2003A,2200,ICONN-PLUS
AOK016D53001A,2200,UTC2000
ABU048TP2001B,2200,UTC2000
ABU200KX1002A,2200,UTC2000
ABU200KX1002A,3200,UTC2000
AHQ0442J3001A,2200,ICONN
AHQ0442J3001A,2200,ICONN-PLUS
AHQ0442J3001A,3200,ICONN
AHQ0442J3001A,3200,ICONN-PLUS
ANV0086A1028A,2200,MAXUM-PLUS
ANV0086A1029A,2200,MAXUM-PLUS
AAW008Y62018A,2200,MAXUM-PLUS
AAW008Y62018A,2200,MAXUM
ABU024MA6013A,2200,UTC2000
ABU144C71005A,2200,UTC2000
ABU165ML4014A,2200,UTC1000S
ALW132NY4013A,2200,UTC2000
AHD048MA7002A,2200,UTC2000
AAB008YB2004A,2200,MAXUM-PLUS
AAB008YB2004A,2200,MAXUM
AYT132X25001A,2200,UTC2000
AYT132X25001A,2200,UTC3000
ALW048TW1048A,2200,UTC2000
ALW048TW1058A,2200,UTC2000
AAW016D53008A,2200,UTC2000
OI072AF1039A,2200,MAXUM-PLUS
OI072AF1039A,2200,MAXUM
AAB008Y62011A,2200,MAXUM-PLUS
AAB008Y62011A,2200,MAXUM
AAB008Y62015A,2200,MAXUM
ALW200KK2007A,2200,UTC3000
ABU024MA6007A,2200,UTC1000S
ABU024MA6007A,2200,UTC2000
AAB008YQ2028A,2200,MAXUM
AAB008YQ2030A,2200,MAXUM
ANV0086B1001A,2200,ICONN
ANV0086B1001A,2200,ICONN-PLUS
AAW008Y62018A,2200,MAXUM-PLUS
AAW008Y62018A,2200,MAXUM
AAB096EL1001A,2200,UTC1000S
AAB096EL1001A,2200,UTC2000
AAB096EL1001A,2200,MAXUM-PLUS
AAB096EL1002A,2200,UTC1000S
AAB096EL1002A,2200,UTC2000
AAW064MR1009A,2200,UTC1000S
AAW064MR1009A,2200,UTC2000
ABU200N71001D,2200,UTC2000
AAB008YQ2001B,2200,MAXUM-PLUS
AAB008YQ2001B,2200,MAXUM
AAB024MAA001A,2200,UTC2000
AAB084N43001A,2200,UTC2000
AAW024MAA002A,2200,UTC1000S
ABU078EA1002A,2200,UTC1000S
ABU078EA1002A,2200,UTC2000
ABU096EA1003A,2200,UTC1000S
ANI020YU1003A,2200,ICONN
AHQ028DX1006A,2200,UTC3000
ABU008Y62001A,2200,MAXUM
ABU008Y62001A,2200,ICONN-PLUS
ANV132X2A002A,2200,UTC2000
ANV132X2A002A,2200,UTC3000
ANV153XT3005A,2200,UTC2000
ANV153XT3007A,2200,UTC2000
ANV153XT3007A,2200,MAXUM-PLUS
ABU024XW3002A,2200,UTC2000
AAB063XM5002A,2200,UTC2000
AAB063XM5002A,3200,UTC2000
AYT132X2C001A,2200,UTC2000
ALW048TW1059A,2200,UTC2000
ANV048TR2009A,2200,UTC1000S
ANV048TR2009A,2200,UTC2000
ANV048TR2009A,2200,MAXUM-PLUS
ALW048TW1057A,2200,UTC2000
ALW200KK2014A,2200,UTC3000
AHQ0225H1001A,2200,UTC3000
ABU096KH2001A,2200,UTC2000
ABU096KH2001A,2200,UTC3000
ABU096KH2001A,3200,UTC2000
ABU096KH2001A,3200,UTC3000
AAB024XJ6009A,2200,UTC2000
AAB024XJ6009A,3200,UTC2000
AGJ132X22002A,2200,UTC2000
AGJ132X25011A,2200,UTC2000
AAW024MA6029D,2200,UTC1000S
AAW024MA6029D,2200,UTC2000
ABU200N74001A,2200,UTC1000S
AAB024MA5013A,2200,UTC1000S
ABU134N92001A,2200,UTC1000S
ALW132NY4019A,2200,UTC1000S
ALW132NY4019A,2200,UTC2000
AQW090MV1007A,2200,UTC2000
AQW090MV1007A,2200,UTC3000
AQB066TN1002A,2200,MAXUM
AOK016D53006A,2200,UTC2000
ABU200KX1003A,2200,UTC2000
ABU200KX1003A,3200,UTC2000
ANV132X2A005A,2200,UTC2000
AAW063XM5001A,2200,UTC3000
AHQ0415L1001A,2200,ICONN
AHQ0415L1001A,2200,ICONN-PLUS
ABU008YD2005A,2200,MAXUM
AAS008YM2013B,2200,MAXUM
ANV132X2C003A,2200,UTC2000
ANV132X25016A,2200,UTC3000
ANV132X22001A,2200,UTC2000
AAB008Y62018A,2200,MAXUM
AAB008YB2010A,2200,MAXUM
AAB008YQ2033A,2200,MAXUM
AAB008YQ2033A,3200,MAXUM
ABU153XT9005A,2200,ICONN
AAB063NW3010A,2200,UTC1000S
AAB063NW3010A,2200,UTC2000
AAB024XJ7003A,2200,UTC2000
AAB024XJ7003A,3200,UTC2000
AAB162KE1008A,2200,UTC2000
AAB162KE1008A,2200,UTC3000
AAW016D53009A,2200,UTC2000
AAW016D53010A,2200,UTC2000
AAW016D53012A,2200,UTC2000
AAW016D53014A,2200,UTC2000
AAW016D53014A,2200,MAXUM-PLUS
AAW016D53015A,2200,UTC2000
AAW024XJ6007B,2200,UTC2000
AAW024XJ6007B,3200,UTC2000
AAW024XJ6009A,2200,UTC2000
AAW024XJ6009A,3200,UTC2000
AAW024XJ6017A,2200,UTC2000
AAW024XJ6017A,3200,UTC2000
AAW024XJ6019A,2200,UTC2000
AAW024XJ6019A,3200,UTC2000
AAB008Y62016A,2200,MAXUM-PLUS
AAB008Y62016A,2200,MAXUM
AAB008YD2008A,2200,MAXUM
AHQ0442L4001A,3200,ICONN
AHQ0442L4001A,2200,ICONN
ACD008DR1001A,2200,UTC2000
ACD008DR1001A,3200,UTC2000
AGJ132X25009A,2200,UTC2000
AGJ132X2A007A,2200,UTC1000S
AGJ132X2A007A,2200,UTC2000
AGJ132X2A011A,2200,UTC2000
AGJ132X2C003A,2200,UTC2000
AGJ132X2C005A,2200,UTC2000
ALW048TW1065A,2200,UTC1000S
ANV132X25013B,2200,UTC2000
ANV132X25013B,2200,UTC3000
ANV153XT3009A,2200,UTC2000
ANV153XT3011A,2200,UTC2000
ANV153XT8016A,2200,UTC2000
ANV0086A1034A,2200,MAXUM-PLUS
ANV0086A1034A,2200,MAXUM
ANV0086A1035A,2200,MAXUM-PLUS
ANV0086A1035A,2200,MAXUM
ANV0086A1036A,2200,MAXUM-PLUS
ABU054TA1017A,2200,UTC1000S
ABU054TA1017A,2200,UTC2000
AAW048TP1032C,2200,UTC2000
ANV0086A1039A,2200,ICONN
ANV0086A1033A,2200,MAXUM-PLUS
ANV153XT8018A,2200,UTC3000
AAB008YQ2011A,2200,MAXUM
AAB048TW2014A,2200,UTC2000
AAW024MA6005B,2200,UTC2000
ABU200N71002C,2200,UTC1000S
ABU200N71002C,2200,UTC2000
AQW096RG2001A,2200,UTC1000S
AAB024MA6024A,2200,UTC1000S
AAB024MA6024A,2200,UTC2000
AAB024MA6023A,2200,UTC1000S
AIS048ME3001A,2200,UTC1000S
AIS048ME3001A,2200,UTC2000
AAB063NW3009A,2200,UTC2000
AQW024MAA002A,2200,UTC1000S
AQW024MAA002A,2200,UTC2000
ANV0086B1003A,2200,ICONN
ANV048TR2008B,2200,UTC2000
ALW132NY4012A,2200,UTC1000S
ALW132NY4012A,2200,UTC2000
ABU024MA6008A,2200,UTC1000S
ABU024MA6008A,2200,UTC2000
AEU0086A1003A,2200,ICONN
ABU024XJ6003A,2200,UTC3000
ABU024XJ6003A,3200,UTC3000
AHQ0242J1001B,2200,ICONN
AAS008YM2021A,2200,MAXUM
AAW024XW3002B,2200,UTC2000
AAB008YQ2014A,2200,MAXUM
AAW016D53013A,2200,UTC2000
AHQ028DX1004A,2200,UTC3000
AQW024MA6001A,2200,UTC1000S
AQW024MA6001A,2200,UTC2000
AHQ028DX1005A,2200,UTC3000
AAW008YM1013A,2200,MAXUM
ABU008YQ2007A,2200,MAXUM
ABU008YQ2008A,2200,MAXUM
AYZ066TS1001A,2200,MAXUM
ANV0086A1041A,2200,MAXUM-PLUS
ANV0086A1041A,2200,MAXUM
ANV0086A1044A,2200,MAXUM-PLUS
ANV0086A1044A,2200,MAXUM
ANV0086B1005A,2200,ICONN
ANV0086A1037A,2200,MAXUM-PLUS
ANV0086A1037A,2200,MAXUM
ACD084CC2004B,2200,UTC1000S
ACD084CC2004B,2200,UTC2000
ABU063NW1003A,2200,UTC1000S
ABU063NW1003A,2200,UTC2000
ABU060MV4001A,2200,UTC2000
AAB024MAA004A,2200,UTC1000S
AAB024MAA004A,2200,UTC2000
AQW090MV1008A,2200,UTC1000S
ANI010YK1008A,2200,MAXUM
AAS008YD1003A,2200,MAXUM
ALW078MD2003A,2200,UTC1000S
ALW078MD2003A,2200,UTC2000
ALW132NY4011A,2200,UTC1000S
ALW132NY4011A,2200,UTC2000
AAS008YQ9002A,2200,MAXUM
AGJ132X2A005A,2200,UTC2000
ABU008YQ2009A,2200,MAXUM
AAS008YM2022A,2200,MAXUM
ANV345XTB001A,2200,UTC2000
ANV345XTB001A,3200,UTC2000
ANV345XTB001A,3400,UTC2000
AAW024XW3004A,2200,UTC2000
AAB024XJ6010A,2200,UTC2000
AAB024XJ6010A,3200,UTC2000
ALW132NY4037A,2200,UTC1000S
AAB162KE1010A,2200,UTC1000S
AAB162KE1010A,2200,UTC2000
AAB162KE1010A,2200,UTC3000
ANV132X25018A,2200,UTC1000S
ANV132X25018A,2200,UTC2000
ANV132X25018A,2200,UTC3000
ABU008YQ2005A,2200,MAXUM
AGA008Y62004A,2200,MAXUM-PLUS
AGA008Y62004A,2200,MAXUM
ALW048TW1053A,2200,UTC1000S
ALW048TW1053A,2200,UTC2000
ALW048TW1054A,2200,UTC1000S
ALW048TW1054A,2200,UTC2000
AAS066TS1004B,2200,MAXUM-PLUS
AAS066TS1004B,2200,MAXUM
AAS066TS1004B,2200,ICONN
ALW200KK2009A,2200,UTC3000
AAS008YQ2021A,2200,MAXUM
AAW024MA6048A,2200,UTC1000S
AAW024MA6048A,2200,UTC2000
ASM078EQ1001B,2200,UTC1000S
AAS008YM2020A,2200,MAXUM
ABW064AE1011A,2200,MAXUM-PLUS
ABW064AE1011A,2200,MAXUM
AAW008YM2005A,2200,MAXUM
AAS008YD2022A,2200,MAXUM
AHQ028DX1002B,2200,UTC3000
AGJ132X25016A,2200,UTC1000S
AAS008YD2031A,2200,MAXUM
ALW048TW1049A,2200,UTC1000S
ALW048TW1049A,2200,UTC2000
ALW048TW1066A,2200,UTC1000S
ALW048TW1066A,2200,UTC2000
ALW048TW1067A,2200,UTC1000S
ALW048TW1067A,2200,UTC2000
AAB008Y62022A,2200,MAXUM-PLUS
AAB008Y62022A,2200,MAXUM
AAB008YQ2036A,2200,MAXUM
AAB008YQ2037A,2200,MAXUM
AAB008YM2020A,2200,MAXUM-PLUS
AAB008YM2020A,2200,MAXUM
ACD008DR1005A,2200,UTC1000S
ACD008DR1005A,2200,UTC3000
ALW048TW1047A,2200,UTC1000S
ALW048TW1047A,2200,UTC2000
ABU008Y62007A,2200,MAXUM
ABU008YM2005A,2200,MAXUM
AAS008Y62004A,2200,MAXUM
AAB008YB2006A,2200,MAXUM
AAB008Y62019A,2200,MAXUM
ANI010YK3003A,2200,MAXUM
ABU008YM2008A,2200,MAXUM
ABU008YD2012A,2200,MAXUM
ANI008YK1019A,2200,MAXUM
ABW064AE1010A,2200,MAXUM-PLUS
ABW064AE1010A,2200,MAXUM
ALW200KK2010A,2200,UTC3000
AAS063NW1004B,2200,MAXUM
AAB054TS1004A,2200,UTC1000S
AAB008YQ2039A,2200,MAXUM
ANV132X25012A,2200,UTC2000
AAS008YM2028A,2200,MAXUM
AAS008YD2027A,2200,MAXUM
AGA054NB1007A,2200,MAXUM
ACS054TN1001A,2200,UTC2000
ANV132X25011A,2200,UTC1000S
ANV132X25011A,2200,UTC2000
ANV132X25011A,2200,UTC3000
ALW048TW1063A,2200,UTC1000S
ALW048TW1063A,2200,UTC2000
BW036AB1003A,2200,MAXUM
AAW024MA6015B,2200,UTC2000
ACO044TU2001A,2200,MAXUM
ABU063NW3004A,2200,UTC1000S
ABU024MA6018A,2200,UTC1000S
ABU008YQ2014A,2200,MAXUM
ANI010YK2001A,2200,MAXUM
ANI010YK2001A,2200,RAPID
ANI008YK1014A,2200,MAXUM
ANI008YK1014A,2200,RAPID
AAW063NW3004A,2200,UTC2000
AAW064MR1004A,2200,UTC1000S
ANI008YK1020A,2200,MAXUM
AAW024MA5007A,2200,UTC1000S
AAW024MA5007A,2200,UTC2000
AAB024MA6011A,2200,UTC2000
ABU008YQ2001A,2200,MAXUM-PLUS
ABU008YQ2001A,2200,MAXUM
ALW200KK2008A,2200,UTC3000
ALW132NY4001A,2200,UTC2000
AAS008YM2026A,2200,MAXUM
AAS008YM2027A,2200,ICONN
ALW048TW1068A,2200,UTC1000S
ALW048TW1068A,2200,UTC2000
AAB008YQ2038A,2200,MAXUM
ABU008YD2010A,2200,ICONN
ABU008YD2010A,3200,ICONN
BU090NC1006A,2200,UTC1000S
BU048MA4005B,2200,UTC1000S
AAB008YM2034A,2200,MAXUM
AAB008YQ2041A,2200,MAXUM
ALW078MD2001A,2200,UTC1000S
ALW078MD2001A,2200,UTC2000
AAW024MA6016B,2200,UTC1000S
AAB008YD2012A,2200,MAXUM
AAB008YD2012A,3200,MAXUM
ABU048MA3001A,2200,UTC1000S
ABU048MA3001A,2200,UTC2000
ABU024MA6013B,2200,UTC1000S
ABU024MA6013B,2200,UTC2000
ASS153XT9003A,2200,UTC2000
ALW048TW1071A,2200,UTC1000S
ALW048TW1071A,2200,UTC2000
ABU084XU2001B,2200,UTC2000
ABU084XU2001B,2200,UTC3000
AAW024MA6046B,2200,UTC2000
ALW096EE2001A,2200,UTC2000
AAW024MA6039C,2200,UTC1000S
AAW024MA6039C,2200,UTC2000
ABU084XU2001B,3200,UTC2000
AQB066TN1005A,2200,MAXUM
AAB008Y62024A,2200,MAXUM
AVE008YD2003A,2200,MAXUM
ABU084CC2003B,2200,UTC1000S
ABU084CC2003B,2200,UTC2000
ABU090NC8001A,2200,UTC1000S
ABU090NC8001A,2200,UTC2000
AZA0086A1001B,2200,ICONN
ANV0086A1042A,2200,MAXUM-PLUS
ALW152N31014A,2200,UTC1000S
ALW152N31014A,2200,UTC2000
ABU165MC3022A,2200,UTC1000S
ALP119CF5009A,2200,UTC2000
ALP119CF5009A,3200,UTC2000
ALW132NY4035A,2200,UTC1000S
ALW132NY4035A,2200,UTC2000
ABU084CT2001C,2200,UTC1000S
ABU084CT2001C,2200,UTC2000
AAW024MAA001A,2200,UTC1000S
ACS054TS1009A,2200,UTC2000
ACS054TS1009A,3200,UTC2000
ACD066TN1007A,2200,UTC1000S
ACD066TN1007A,2200,UTC2000
AHQ0225N1002A,2200,ICONN
AHQ0225N1002A,2200,ICONN-PLUS
AHQ0282L3003A,2200,ICONN
ABU096XX2001A,2200,UTC2000
ABU096XX2001A,2200,UTC3000
ABU096XX2001A,3200,UTC2000
ABU096XX2001A,3200,UTC3000
ABU060C91001D,2200,UTC2000
AMS060NR1003A,2200,UTC1000S
AAW064MR1016A,2200,UTC1000S
AMS090NC4003A,2200,UTC1000S
AMS090NC4003A,2200,UTC2000
ABU060C91001D,2200,UTC1000S
AAB008YM2035A,2200,MAXUM
AHQ0262Q1001B,2200,ICONN
AAW008Y62015A,2200,MAXUM-PLUS
AAW008Y62015A,2200,MAXUM
AAW008Y62015A,2200,RAPID
AAB090NY3002A,2200,UTC2000
ACD084CC2002A,2200,UTC1000S
ACD084CC2002A,2200,UTC2000
ACD084CC2002A,2200,UTC3000
ACD084CC2002A,2200,MAXUM
AOK016D53005A,2200,UTC2000
ANV345XTB002A,3400,UTC3000
ANV345XTB002A,3200,UTC2000
ANV345XTB002A,2200,UTC2000
ABU060C32001D,2200,UTC1000S
ABU060C32001D,2200,UTC2000
AAB024MAA002A,2200,UTC1000S
ABU064MR1004A,2200,UTC1000S
AAB024MAA005A,2200,UTC1000S
AOK036RP1001A,2200,UTC1000S
AOK036RP1001A,2200,UTC2000
AB054NR1001A,2200,UTC1000S
AB054NR1001A,2200,UTC2000
AAB008YQ2022A,2200,MAXUM-PLUS
AYZ096EI1001A,2200,UTC1000S
AYZ096EI1001A,2200,UTC2000
AAB008Y62014A,2200,MAXUM-PLUS
AAB008Y62014A,2200,MAXUM
AAB008Y62014A,2200,RAPID
AMS048TW1020A,2200,UTC1000S
AMS048TW1020A,2200,UTC2000
AMS048TW1029A,2200,UTC1000S
AMS048TW1029A,2200,UTC2000
AMS048TW1029A,2200,MAXUM-PLUS
AMS048TW1030A,2200,UTC1000S
AMS048TW1030A,2200,UTC2000
ABU008YQ2018A,2200,MAXUM
AAB008YQ2022A,2200,MAXUM
AAB096EL1003A,2200,UTC1000S
ABU008YM2001A,2200,MAXUM-PLUS
ABU008YM2001A,2200,MAXUM
ANV132X25003B,2200,UTC2000
ANV132X25003B,2200,UTC3000
ALW200KK2001A,2200,UTC1000S
ALW200KK2001A,2200,UTC2000
ALW200KK2001A,2200,UTC3000
AAB008YD2003A,2200,MAXUM
AAB008YD2003A,2200,RAPID
ALW048TW1060A,2200,UTC1000S
ALW048TW1060A,2200,UTC2000
ABU100X69003A,2200,UTC2000
AAW064MR1013A,2200,UTC1000S
ACD096EF2001A,2200,UTC1000S
ACD096EF2001A,2200,UTC2000
ACD096EF2001A,2200,UTC3000
ACD096EF2001A,2200,MAXUM-PLUS
OI072AF1066A,2200,MAXUM-PLUS
AAW024XJ6010B,2200,UTC2000
AAW024XJ6010B,2200,UTC3000
AAW024XJ6010B,3200,UTC2000
AAW024XJ6010B,3200,UTC3000
AMS048TW1039A,2200,UTC1000S
AAB008YB2008A,2200,MAXUM-PLUS
AAB008YB2008A,2200,MAXUM
AAB008YB2005A,2200,MAXUM-PLUS
AAB008YB2005A,2200,MAXUM
ABU008Y62005A,2200,MAXUM
ABU008YM2006A,2200,MAXUM-PLUS
ABU008YM2006A,2200,MAXUM
ACD096CA4001B,2200,UTC2000
ACD096CA4001B,2200,UTC3000
ACD096CA4001B,2200,UTC1000S
ABU008YM2006A,2200,ICONN-PLUS
AMS048TW1058A,2200,UTC1000S
AMS048TW1058A,2200,UTC2000
AMS048TW1036A,2200,UTC1000S
AMS048TW1032A,2200,UTC1000S
AAB008YQ2035A,2200,ICONN-PLUS
AAB063NW3001A,2200,UTC1000S
AAB063NW3001A,2200,UTC2000
ABU024MA6009A,2200,UTC2000
ANV0086A1040A,2200,MAXUM-PLUS
ANV0086A1040A,2200,MAXUM
ABU008YQ2017A,2200,MAXUM
ASS153XT9002A,2200,UTC2000
ASS153XT9002A,2200,UTC3000
ASS153XT9002A,2200,MAXUM-PLUS
AAB063NW3004A,2200,UTC2000
AQW090MV1006A,2200,UTC2000
AQW008YM2004A,2200,MAXUM-PLUS
AAB008YD2005A,2200,MAXUM
AAB008YD2005A,2200,RAPID
AQW008YM2004A,2200,MAXUM
AQH072AF1001A,2200,MAXUM-PLUS
AQH072AF1001A,2200,MAXUM
ABU134N93001A,2200,UTC1000S
AEU0086A1004A,2200,MAXUM-PLUS
AGA060NR1001A,2200,UTC1000S
AGA060NR1001A,2200,UTC2000
ABU008YD2006A,2200,MAXUM-PLUS
ABU008YD2006A,2200,MAXUM
AAB024MA6020A,2200,UTC2000
AAB024MA6020A,2200,UTC3000
AOK048TV1004A,2200,UTC1000S
AOK048TV1004A,2200,UTC2000
AAB008YB2007A,2200,MAXUM-PLUS
AAB008YB2007A,2200,MAXUM
AAW008Y62017A,2200,MAXUM-PLUS
AAW008Y62017A,2200,MAXUM
ABU008YQ2003A,2200,MAXUM
ABU008YQ2003A,2200,ICONN-PLUS
AAB008YQ2034A,2200,MAXUM
AAB008YQ2034A,2200,RAPID
AAW048TP1043B,2200,UTC1000S
AAW048TP1043B,2200,UTC2000
AAW048TP1042C,2200,UTC1000S
AAW048TP1042C,2200,UTC2000
ASS153XT9001A,2200,UTC3000
ASS153XT9001A,2200,UTC2000
ANV0086A1003A,2200,MAXUM-PLUS
ANV0086A1003A,2200,MAXUM
ANI020YU1005C,2200,ICONN
ANI020YU1005C,2200,ICONN-PLUS
ANI020YU1005C,2200,RAPID
ABU064RK1001A,2200,UTC1000S
ABU064RK1001A,2200,UTC2000
ABU064RK1002A,2200,UTC2000
AMS048TW1060A,2200,UTC1000S
ANI010YK3002A,2200,RAPID
ANV0086A1007A,2200,MAXUM-PLUS
ANV0086A1007A,2200,MAXUM
AAW048TP1020C,2200,UTC2000
AYT0086A1002A,2200,MAXUM-PLUS
ANV048TR2037A,2200,UTC1000S
AAB008YQ2043A,2200,RAPID
AAB008YQ2043A,3200,RAPID
ABU008YD2007A,2200,MAXUM
ABU008YD2007A,2200,ICONN-PLUS
ABU008Y62009A,2200,MAXUM
AAW008Y62024A,2200,RAPID
ABU048TP2009A,2200,UTC1000S
ABU048TP2009A,2200,UTC2000
AAW048TP1045A,2200,UTC2000
AAB008YQ2011B,2200,RAPID
AAW016D53007B,2200,UTC2000
AAW016D53007B,2200,UTC3000
AAW008Y62013B,2200,MAXUM-PLUS
AAW008Y62013B,2200,MAXUM
AYT0086A1001A,2200,ICONN
ABW032YF1012A,2200,MAXUM-PLUS
ABW032YF1012A,2200,MAXUM
AAB008YM2018A,2200,MAXUM-PLUS
ABU008Y62002A,2200,MAXUM
ABU008Y62002A,2200,RAPID
AOK048TV1029A,2200,UTC3000
AOK048TV1029A,2200,MAXUM-PLUS
AAB008YM2018A,2200,MAXUM
AAB008YM2018A,2200,ICONN
AAB008YM2018A,2200,ICONN-PLUS
AAB008YM2018A,2200,RAPID
AAB024XJ6008A,2200,UTC2000
ANV0086A1032A,2200,ICONN-PLUS
AAW048TP1034C,2200,UTC1000S
ABU063NW1001A,2200,UTC2000
AAW048TP1034C,2200,UTC2000
AAB063NW3008A,2200,UTC2000
OK048TV1006B,2200,UTC1000S
AAW008Y62029A,2200,MAXUM-PLUS
AAW008Y62029A,2200,MAXUM
ABU008Y62003A,2200,MAXUM
ABU008Y62003A,2200,ICONN
ABU008Y62003A,2200,RAPID
ABW032YF1013A,2200,MAXUM-PLUS
ABW032YF1013A,2200,MAXUM
AAB008YB2009A,2200,MAXUM-PLUS
AAB008YB2009A,2200,MAXUM
AQB066TN1008A,2200,ICONN
AVE054TS1001D,2200,UTC2000
AOI072AF1081A,2200,MAXUM
AAB048TW2006A,2200,UTC1000S
AAB048TW2006A,2200,UTC2000
AAB048TW2006A,2200,MAXUM-PLUS
BU048MW2005C,2200,UTC1000S
AAB084N43002A,2200,UTC2000
ANV153XT3008A,2200,UTC2000
AQB054TN1003A,2200,ICONN
AAB008YD2012B,3200,MAXUM
AAB008YD2012B,2200,MAXUM
AAB048TW2005A,2200,UTC1000S
AAB048TW2005A,2200,UTC2000
AQB066TN1006A,3200,ICONN
AQB066TN1006A,2200,ICONN
BU048MW2003B,2200,UTC1000S
AQB054TN1004A,3200,ICONN
AQB054TN1004A,2200,ICONN
AAB162KE1007A,3200,UTC2000
AAB162KE1007A,2200,UTC2000
ABU096EA3001A,2200,UTC2000
ABU096EA3001A,2200,UTC3000
ABU096EA3001A,3200,UTC2000
ABU096EA3001A,3200,UTC3000
AAB008YQ2044A,2200,MAXUM
ABU048TP2006A,2200,UTC1000S
AAW008YM2003A,2200,MAXUM
ABU048TP2006A,2200,UTC2000
ANV0086A1005A,2200,MAXUM-PLUS
ANV132X25007B,2200,UTC1000S
ANV132X25007B,2200,UTC2000
ANV0086A1017A,2200,MAXUM-PLUS
ANV0086A1018A,2200,MAXUM-PLUS
ANV0086A1019A,2200,MAXUM-PLUS
BU054MF1002A,2200,UTC1000S
ABU048TP2010A,2200,UTC1000S
ACD054TA1007A,2200,UTC1000S
ACD054TA1007A,2200,UTC2000
ACD054TA1007A,2200,UTC3000
ACD054TA1007A,2200,MAXUM
ANV0086A1026A,2200,MAXUM-PLUS
AAW024MA5009A,2200,UTC1000S
AMS096EE2001A,2200,UTC2000
AMS096EE2001A,2200,UTC3000
ANV0086A1030A,2200,MAXUM-PLUS
ANV0086A1030A,2200,ICONN
OK048TV1011A,2200,UTC1000S
AGA060NR1002A,2200,MAXUM
ANV0086A1020A,2200,MAXUM-PLUS
ACD066TN1013A,2200,UTC2000
ACD066TN1013A,2200,UTC3000
AHQ0225N1001A,2200,ICONN
ANV345XTA010A,3400,RAPID
ANV345XTA010A,3200,RAPID
ANV0086A1063A,2200,MAXUM-PLUS
ANV345XTA010A,2200,UTC3000
ANV345XTA010A,2200,UTC5000S
ABU134KM3002A,2200,UTC2000
ABU134KM3002A,3200,UTC2000
ANV345XTA010A,4200,RAPID
ANV0086A1006A,2200,MAXUM-PLUS
ABU153XT9006A,2200,ICONN
ABU153XT9002A,2200,ICONN
ABU153XT9002A,2200,ICONN-PLUS
AAB084CC2008A,2200,MAXUM-BASE
AAB084CC2008A,2200,MAXUM-PLUS
AAB084CC2008A,2200,MAXUM
AAB084CC2008A,2200,ICONN
AMS078EN1002A,2200,UTC1000S
AMS078EN1002A,2200,UTC2000
AMS078EN1002A,2200,MAXUM-BASE
AMS078EN1002A,2200,MAXUM-PLUS
AMS078EN1002A,2200,MAXUM
AMS078EN1002A,2200,ICONN
ANV345XTA010A,3600,RAPID
AAW008Y62014A,2200,MAXUM-PLUS
AAW008Y62014A,2200,MAXUM
ALW048TW1070A,2200,UTC1000S
ALW048TW1070A,2200,UTC2000
ANV345XTA011A,3600,UTC3000
ANV345XTA011A,3600,UTC5000S
ANV345XTA011A,4200,UTC3000
ANV345XTA011A,2200,UTC3000
ANV345XTA011A,2200,UTC5000S
ANV345XTA011A,3200,UTC3000
ANV345XTA011A,3200,UTC5000S
AQW008YM2003A,2200,MAXUM-PLUS
AQW008YM2003A,2200,MAXUM
AQW008YM2003A,2200,ICONN
AQW008YM2003A,2200,RAPID
AAW008YM1012A,2200,MAXUM-PLUS
AAW008YM1012A,2200,MAXUM
AAB090NC4006A,2200,UTC1000S
AAB090NC4006A,2200,UTC2000
ANV0086A1027A,2200,MAXUM-PLUS
ANV345XTA011A,3400,UTC3000
AAW008YM1012A,2200,RAPID
AAB054TN1004A,2200,UTC1000S
AAB054TN1004A,2200,UTC2000
AAB054TN1004A,2200,MAXUM-PLUS
AAB054TN1004A,2200,MAXUM
AAB054TN1004A,2200,RAPID
AAS024MA0007A,2200,MAXUM
ABU024XW3009A,2200,UTC2000
AEU0086B1001A,2200,ICONN
ABU126CT2001B,2200,UTC1000S
ABU126CT2001B,2200,UTC2000
AAB060NR1006A,2200,UTC1000S
AAB060NR1006A,2200,UTC2000
ABU096EF2001A,2200,UTC1000S
ABU096EF2001A,2200,UTC2000
AYZ084CC2001A,2200,MAXUM
AYZ084CC2001A,2200,UTC1000S
AYZ084CC2001A,2200,UTC2000
AYZ084CC2001A,2200,UTC3000
AQB084CC9001A,2200,UTC1000S
AQB084CC9001A,2200,UTC2000
ALW096EF2001A,2200,UTC1000S
ALW096EF2001A,2200,UTC2000
AAW048TP1050A,2200,UTC1000S
AAW024XJ3002A,2200,UTC2000
AAS008FG1013A,2200,MAXUM-PLUS
AAS008FG1013A,2200,MAXUM
AAS048TG2005B,2200,MAXUM
AHQ0345J1001A,2200,ICONN
AAW024XJ3002A,3200,UTC2000
AAW024XJ3002A,3400,UTC2000
AAW024XJ3002A,3600,UTC2000
AAB134N94002A,2200,UTC1000S
AHQ0345J1001A,2200,ICONN-PLUS
AHQ0345J1001A,2200,RAPID
AAS084CC2010A,2200,MAXUM-PLUS
AAS084CC2010A,2200,MAXUM
AAS084CC2010A,2200,ICONN
ANV132X2C013A,2200,MAXUM-PLUS
AAS008YQ2014A,2200,MAXUM
AAS008YQ2014A,2200,ICONN
AAS008YM2024A,2200,MAXUM
AAS008YM2016A,2200,MAXUM
AAS008YM2017A,2200,MAXUM
AAS066TS1006A,3200,MAXUM
AAS066TS1006A,2200,MAXUM
AAS008YQ2024A,2200,ICONN
AAS008DR1004A,2200,MAXUM
ANV0086A1080A,2200,MAXUM-PLUS
AAS008YQ2002B,2200,MAXUM
AAS008YQ2002B,2200,ICONN
AAS008YM2011A,2200,MAXUM
AAS008YQ2013A,2200,MAXUM
AAS008YQ2014A,2200,MAXUM-PLUS
AAS008YQ2016A,2200,MAXUM
AAS008YQ2016A,2200,ICONN
AAS096EI2001A,2200,MAXUM
AAS096EI2009A,2200,MAXUM
AAS096EL1004B,2200,MAXUM
AAS096EL1004B,2200,ICONN
AAS090NC4001A,2200,MAXUM
ALW048TW1061A,2200,UTC1000S
ALW048TW1061A,2200,UTC2000
ANV0086A1064A,2200,MAXUM-PLUS
AAW024MA6037B,2200,UTC1000S
AAW024MA6037B,2200,UTC2000
AAS008FG1009A,2200,MAXUM-PLUS
AAB024MA6017A,2200,UTC1000S
AAB024MA6017A,2200,UTC2000
ABU165ML3015A,2200,UTC1000S
AAW008Y62010C,2200,MAXUM
AAS063NW3011A,2200,MAXUM
AAS008FG1009A,2200,MAXUM
AAB008YM2036A,2200,MAXUM-PLUS
AAW008YM2004A,2200,MAXUM-PLUS
AAW008YM2004A,2200,MAXUM
ABU024XJ8004A,2200,UTC2000
ABU024XJ8004A,2200,UTC3000
ABU024XJ8004A,3200,UTC3000
ABU024XJ8004A,3400,UTC3000
ABU024XJ8004A,3600,UTC3000
AAB008YM2036A,2200,MAXUM
AAB008YM2036A,2200,RAPID
ANV153XT9053A,2200,ICONN
ANV0086A1064A,2200,MAXUM
AAS084CC2007A,2200,MAXUM
AVE008YD2005A,2200,MAXUM
AAS162KE1001A,2200,MAXUM
ACM008YQ2002A,2200,ICONN
ACM008YQ2002A,3200,ICONN
AAS008YD2024A,2200,MAXUM
AAS008YD2030A,2200,MAXUM
ADY060CD4001A,2200,UTC1000S
AGJ132X25001A,2200,UTC2000
AGJ132X25001A,2200,UTC3000
ANV153XT3004A,2200,UTC2000
ABU008YQ2004A,2200,MAXUM
AAW063NW3002A,2200,UTC2000
AAB054TN1002A,2200,UTC1000S
AAB054TN1002A,2200,UTC2000
AAB054TN1002A,2200,UTC5000S
AAS063NW1021A,2200,MAXUM
AAB060EM2002A,2200,UTC1000S
AAB060EM2002A,2200,UTC2000
AAB096EF3001A,2200,UTC1000S
ADY060CD4001A,2200,UTC2000
ANV153XT3004A,2200,UTC5000S
ANV153XT3004A,2200,MAXUM-PLUS
AAS048TP2002A,2200,MAXUM
AAS008FG1020A,2200,MAXUM-PLUS
AAS008YD2011A,2200,MAXUM
AAS008YQ2028A,2200,ICONN
AAW016D53011A,2200,UTC2000
AAW016D53011A,2200,UTC3000
AAW016D53011A,2200,UTC5000S
AAS008YD2032A,2200,MAXUM
AMS096EC1002A,2200,UTC1000S
AMS096EC1002A,2200,UTC2000
AMS096EC1002A,2200,UTC3000
AMS096EC1002A,2200,UTC5000S
AMS096EC1002A,2200,MAXUM-BASE
AMS096EC1002A,2200,MAXUM-PLUS
AMS096EC1002A,2200,MAXUM
AMS096EC1002A,2200,ICONN
AMS096EC1002A,2200,RAPID
AMS096EC1002A,2200,UTC1000S
AMS096EC1002A,2200,UTC2000
AMS096EC1002A,2200,UTC3000
AMS096EC1002A,2200,MAXUM-BASE
AMS096EC1002A,2200,MAXUM-PLUS
AMS096EC1002A,2200,MAXUM
AMS096EC1002A,2200,ICONN
ANV153XT3004A,2200,ICONN
ANV153XT3004A,2200,RAPID
ANV345XTC004A,2200,UTC3000
AMS048TW1046A,2200,UTC1000S
AMS048TW1065A,2200,UTC1000S
AAB054TN1002A,2200,MAXUM-PLUS
AAB054TN1002A,2200,MAXUM
AAS048TP2004A,2200,MAXUM
ANV153XT9052A,2200,ICONN
AAS008FG1010A,2200,MAXUM-PLUS
AAS008FG1010A,2200,MAXUM
AAS008FG1021A,2200,MAXUM
AAW016D53011A,2200,MAXUM-PLUS
ABU086TA1007A,2200,UTC1000S
AAS063NW1006A,2200,MAXUM
AAS048TP2001A,2200,MAXUM
AAS024MA0010A,2200,MAXUM
AAB060EM2001A,2200,UTC1000S
AAB060EM2001A,2200,UTC2000
AAW063NW3001B,2200,UTC1000S
AAW063NW3001B,2200,UTC2000
ACR137M82001B,2200,UTC1000S
AZA0086A1007A,2200,MAXUM
AAS066TS1001B,2200,MAXUM
BU165ML3002C,2200,UTC1000S
ABW048AC1013A,2200,MAXUM-PLUS
ABU134N93004A,2200,UTC1000S
AAS048TG2001A,2200,MAXUM
AHQ0225S1001B,2200,ICONN
AHQ0225S1001B,2200,ICONN-PLUS
AMS078EP1001A,2200,UTC1000S
ACS054TS1004A,2200,UTC1000S
ANI010YK3001A,2200,MAXUM
ABW048AC1013A,2200,MAXUM
AMS078EP1001A,2200,UTC2000
AMS078EP1001A,2200,UTC3000
AMS078EP1001A,2200,UTC5000S
AMS078EP1001A,2200,MAXUM-PLUS
AMS078EP1001A,2200,MAXUM
AMS078EP1001A,2200,ICONN
AMS078EP1001A,2200,ICONN-PLUS
AAS008FG1019A,2200,MAXUM
AMS078EP1001A,2200,RAPID
ANV153XT9074A,2200,RAPID
AAS048MA3002A,2200,MAXUM
AEU048TR2004A,2200,UTC1000S
AEU048TR2004A,2200,UTC2000
ANI010YK3001A,2200,RAPID
AMS048TW1064A,2200,UTC1000S
AMS048TW1062A,2200,UTC2000
BU165ML3004C,2200,UTC1000S
AZI096KR1002A,3200,UTC2000
AZI096KR1002A,2200,UTC2000
AAW064MR1007A,2200,UTC1000S
AAW064MR1007A,2200,UTC2000
ABU024MA6021A,2200,UTC1000S
ABU048MW2007A,2200,UTC1000S
ABU200N74002A,2200,UTC1000S
AAW024MAA008A,2200,UTC1000S
AMS096EF2001A,2200,UTC1000S
AMS096EF2001A,2200,UTC2000
AMS096EF2001A,2200,UTC3000
AMS096EF2001A,2200,MAXUM-PLUS
ABU048MA7004A,2200,UTC1000S
ABU048MA7003A,2200,UTC1000S
AAW024MAA006A,2200,UTC1000S
ALW200KK2016A,2200,UTC1000S
AAS008YM2029A,2200,ICONN
AAB024MA5010A,2200,UTC1000S
AAB024MA5010A,2200,UTC2000
AAW008Y62019A,2200,MAXUM-PLUS
AAW008Y62019A,2200,MAXUM
AAS096EL1019A,2200,MAXUM
AEU0086A1001A,2200,ICONN
ALW048TW1072A,2200,UTC1000S
ALW048TW1072A,2200,UTC2000
AAS008FG1023A,2200,MAXUM
AEU0086A1002A,2200,MAXUM-PLUS
AEU0086B1003A,2200,ICONN
ANV0086A1008A,2200,MAXUM-PLUS
ANV153XT8022A,2200,ICONN
ANV132X25008A,2200,UTC2000
ANV132X25008A,2200,UTC3000
AAB0083X1001A,2200,UTC1000S
AAB0083X1001A,2200,UTC2000
AGA134N91001A,2200,UTC1000S
AGA134N91001A,2200,UTC2000
ANV153XT3010A,2200,UTC2000
ANV153XT3010A,2200,UTC5000S
ANV153XT3010A,2200,MAXUM-PLUS
ANV345XTE001A,3400,ICONN
ANV345XTE001A,3400,RAPID
ANV345XTE001A,3200,ICONN
ANV345XTE001A,3200,RAPID
ANV345XTE001A,2200,ICONN
ANV345XTE001A,2200,RAPID
AAS084CC2015A,2200,MAXUM
AAS096EL1018A,2200,MAXUM
ABU200KX1001C,2200,UTC2000
ABU200KX1001C,3200,UTC2000
ANV153XT9018A,2200,ICONN
ANV153XT9018A,3600,ICONN
ANV153XT9018A,3400,ICONN
ANV153XT9018A,3200,ICONN
ANV153XT9073A,2200,ICONN
ASS153XT9006A,2200,MAXUM
ASS153XT9006A,2200,RAPID
AAS008DR1006A,2200,MAXUM
AAS008YQ2030A,2200,ICONN
AAS008YQ2015A,2200,MAXUM
AAS008YQ2015A,2200,ICONN
ASS153XT9006A,2200,UTC2000
ASS153XT9006A,2200,UTC5000S
ASS153XT9006A,2200,MAXUM-PLUS
AAS008YQ2023B,2200,MAXUM
ALW048TW1056A,2200,UTC1000S
ALW048TW1056A,2200,UTC2000
ANV153XT9064A,2200,RAPID
AAW008Y62026A,2200,ICONN
ANV153XT9072A,2200,RAPID
ANV153XT9027A,2200,ICONN
ANV153XT9027A,2200,RAPID
AAS008YQ2029A,2200,ICONN
ANV132X2C052A,2200,RAPID
AAS008YD2028A,2200,MAXUM
AMS048TW1063A,2200,UTC2000
AHQ0442J3005A,3200,RAPID
AHQ0442J3005A,2200,RAPID
ABU056TH2001A,2200,UTC1000S
ABU056TH2001A,2200,UTC2000
ABU024MA6010A,2200,UTC1000S
ABU024MA6010A,2200,UTC2000
AQW096RG2007A,2200,UTC1000S
AAS048TP2032A,2200,MAXUM
AGA064MR1002A,2200,UTC2000
ANV153XT8006A,2200,ICONN
ABU056TH2002A,2200,UTC1000S
ABU056TH2002A,2200,UTC2000
AZF044TT2004A,2200,UTC1000S
AZF044TT2004A,2200,UTC2000
AGA134KM1001A,2200,UTC2000
AGA134KM1001A,3200,UTC2000
AQW096RG2006A,2200,UTC1000S
AAW024MA6031B,2200,UTC1000S
AAW024MA6031B,2200,UTC2000
ABW032YB1005A,2200,MAXUM
ABU008YM2002A,2200,MAXUM-PLUS
ABU008YM2002A,2200,MAXUM
ABU008YM2002A,2200,ICONN-PLUS
ANV153XT9062A,2200,ICONN
AGA048MA7001A,2200,MAXUM
ABU024MA6002B,2200,UTC1000S
AAS008YQ9001B,2200,MAXUM
AAS008YQ9001B,2200,ICONN
ANV345XT9003A,3200,UTC5000S
ANV345XT9003A,2200,UTC3000
ANV153XT3001A,2200,UTC2000
ANV153XT3001A,2200,MAXUM-PLUS
AEU048TR2003A,2200,UTC1000S
AEU048TR2003A,2200,UTC2000
ANV153XT8023A,2200,RAPID
ANV345XTB015A,2200,UTC3000
AHQ0415L1003B,2200,ICONN
AAS048TP2030A,2200,MAXUM
AHQ0415L1003B,2200,RAPID
ANV345XTB015A,3200,UTC2000
AMS078EN1001A,2200,UTC1000S
AMS078EN1001A,2200,UTC2000
AMS078EN1001A,2200,UTC3000
AMS078EN1001A,2200,MAXUM-BASE
AMS078EN1001A,2200,MAXUM-PLUS
AMS078EN1001A,2200,MAXUM
AMS078EN1001A,2200,ICONN
AMS078EN1001A,2200,ICONN-PLUS
ANV132X25008B,2200,UTC2000
ANV132X25008B,2200,UTC3000
ANV132X2C037A,2200,RAPID
ABU008Y62010A,2200,MAXUM
AQW090MV1012A,2200,UTC1000S
ANV0086B1004A,2200,ICONN
ANV153XT3001A,2200,RAPID
ANV345XTB015A,3400,UTC2000
AAS048TP2031B,2200,MAXUM
AGA054NB1006A,2200,MAXUM
AAS084CC2016A,2200,MAXUM
AMS048TW1050A,2200,UTC1000S
AMS048TW1050A,2200,UTC2000
AMS048TW1050A,2200,UTC5000S
AUL054TN1007A,2200,UTC1000S
ANV0086A1004A,2200,MAXUM-PLUS
AOK016D53002A,2200,UTC2000
AAB024MA5008A,2200,UTC1000S
AAB024MA5008A,2200,UTC2000
AAS063NW3002A,2200,MAXUM
AGA096EL2001A,2200,UTC1000S
AGA096EL2001A,2200,UTC2000
AUK012DN2003A,2200,UTC2000
AUK012DN2003A,2200,UTC3000
AUK012DN2003A,2200,UTC5000S
AQW090MV1013A,2200,UTC1000S
AQW090MV1013A,2200,UTC2000
AOK016D53002A,2200,MAXUM-PLUS
AAS096EL1001A,2200,MAXUM-PLUS
AAS096EL1001A,2200,MAXUM
AAS096EL1001A,2200,ICONN
AHQ0442J3003A,3200,ICONN-PLUS
AHQ0442J3003A,3200,RAPID
AHQ0442J3003A,2200,ICONN
AHQ0442J3003A,2200,RAPID
ANV132X2C002A,2200,UTC2000
ANV0086A1004A,2200,MAXUM
AOK048TV1012A,2200,UTC1000S
AMS048TW1050A,2200,MAXUM-PLUS
AMS048TW1050A,2200,RAPID
AAS084CC9004A,2200,MAXUM
AAS048TP2003A,2200,MAXUM
ABU096EA1001A,2200,UTC1000S
ABU096EA1001A,2200,UTC2000
ABU096EA1001A,2200,UTC3000
ABU084CC2004B,2200,UTC1000S
ABU084CC2004B,2200,UTC2000
ABU084CC2004B,2200,UTC3000
ABU084CC2004B,2200,UTC5000S
ACD054TA1008B,2200,UTC1000S
ACD054TA1008B,2200,UTC2000
ACD054TA1008B,2200,UTC3000
AAB084CC9002A,2200,UTC1000S
AAB084CC9002A,2200,UTC5000S
AMS096EC3001B,2200,UTC3000
AAS048MAB007A,2200,MAXUM
AAB084CC9002A,2200,MAXUM-PLUS
ABU008YQ2019A,2200,MAXUM
AMS096EC3001B,2200,MAXUM-BASE
AMS096EC3001B,2200,MAXUM-PLUS
AMS096EC3001B,2200,MAXUM
AMS096EC3001B,2200,ICONN
AMS096EC3001B,2200,ICONN-PLUS
AMS096EC3001B,2200,UTC1000S
AMS096EC3001B,2200,UTC2000
ALW048TX1002A,2200,UTC1000S
AAS024MA0006A,2200,MAXUM
ABU008YQ2002A,2200,MAXUM
AHD048MA4002A,2200,UTC1000S
AAW048TP1026E,2200,UTC1000S
AAW048TP1026E,2200,UTC2000
AAS008YQ2001B,2200,MAXUM
AAS008YQ2001B,2200,ICONN
ANV153XT9059A,2200,RAPID
ANV153XT9059A,3200,RAPID
ANV048TR2017A,2200,UTC1000S
AHD048MA4002A,2200,UTC2000
ABW032YF1002B,2200,MAXUM-PLUS
ABW032YF1002B,2200,MAXUM
AAB048TW2010A,2200,UTC1000S
AAB048TW2010A,2200,UTC2000
AAW162KE1002A,2200,ICONN
ANV132X2C029A,2200,UTC2000
ANV132X2C029A,2200,UTC3000
ANV132X2C029A,2200,ICONN-PLUS
ANV132X2C029A,2200,RAPID
ANV345XTB016A,2200,UTC3000
ANI020YU1002B,2200,ICONN
AAB008Y62010A,2200,MAXUM-PLUS
AAB008Y62010A,2200,MAXUM
AAB008Y62010A,2200,ICONN
AAW008Y62016A,2200,MAXUM-PLUS
AAW008Y62016A,2200,MAXUM
AAW008Y62016A,2200,ICONN-PLUS
AAW008Y62016A,2200,RAPID
AAB008YD2007A,2200,MAXUM
ANV345XTB016A,3200,UTC3000
ANV132X2C054A,3200,RAPID
AAS063NW3012A,2200,MAXUM
ACD054TN1002B,2200,UTC3000
ACD054TN1002B,2200,MAXUM
AAW048TP1024D,2200,UTC1000S
AAW048TP1024D,2200,UTC2000
AQB054TN1001A,2200,ICONN
AQB054TN1001A,3200,ICONN
AYZ096EI1002A,2200,UTC1000S
AYZ096EI1002A,2200,UTC2000
ANV345XTB016A,3400,UTC3000
AAW048TP1024D,2200,UTC3000
ANV132X2C054A,2200,RAPID
AAB054TN1005A,2200,UTC1000S
AAB054TN1005A,2200,UTC2000
AAB054TN1005A,2200,MAXUM-PLUS
AAB054TN1005A,2200,MAXUM
AAB008YD2007A,2200,RAPID
ALW048TX1001B,2200,UTC1000S
ALW048TX1001B,2200,UTC2000
ABU048TP2002B,2200,UTC2000
ABU008YQ2015A,2200,MAXUM
ABU008YQ2015A,3200,MAXUM
AAS008Y62007A,2200,MAXUM
AAS048TG1012A,2200,MAXUM
AAS048TG1012A,2200,ICONN
AAW024MA5013A,2200,UTC1000S
AAW024MA5013A,2200,UTC2000
AAW048TP1024D,2200,MAXUM-PLUS
ANV132X2C051A,2200,RAPID
AAS067KQ1001A,2200,MAXUM
ACS054TS1005A,2200,UTC1000S
ACS054TS1005A,2200,UTC2000
AAB048TW2009A,2200,UTC2000
ABU024XW3011A,2200,UTC2000
ANV0086A1081A,2200,MAXUM
AAS048TG2007A,2200,MAXUM
AMS078C93001B,2200,UTC2000
AMS078C93001B,2200,MAXUM-PLUS
AMS078C93001B,2200,MAXUM
AMS078C93001B,2200,ICONN
AEU048TR2006A,2200,UTC1000S
AAS008YM2014A,2200,MAXUM-PLUS
AAS008YM2014A,2200,MAXUM
AEU048TR2006A,2200,UTC2000
AAS008YM2012A,2200,MAXUM
ABU024XW3011A,3200,UTC2000
AHQ0343A1001A,2200,ICONN
AHQ0343A1001A,2200,ICONN-PLUS
AHQ0343A1001A,2200,RAPID
AHQ0343A1001A,3200,ICONN
AHQ0343A1001A,3200,ICONN-PLUS
AHQ0343A1001A,3200,RAPID
AHQ0282L3002B,2200,ICONN
ANV0086A1055A,2200,MAXUM-PLUS
AAW024XJ6014A,2200,UTC2000
AAB008YM2023A,2200,MAXUM-PLUS
AAB008YM2023A,2200,MAXUM
AAB008YM2023A,2200,ICONN-PLUS
AAB008YM2023A,2200,RAPID
AAW024XJ6014A,3200,UTC2000
AAW024XJ6014A,3200,UTC3000
ABW052AC1005A,2200,MAXUM-PLUS
ANV345XTC003A,2200,UTC3000
ANV345XTC003A,3200,UTC3000
ANV345XTC003A,3400,UTC3000
AAS008FG1002A,2200,MAXUM
AAB048TW2015A,2200,UTC1000S
AAS096EL1002A,2200,MAXUM-PLUS
AAS096EL1002A,2200,MAXUM
AMS078EN1005A,2200,UTC1000S
ACD066TN1014A,2200,UTC2000
ACD066TN1014A,2200,UTC3000
AYZ084CC2002A,2200,UTC1000S
AYZ084CC2002A,2200,UTC2000
AMS048TW1037A,2200,UTC1000S
AAS067N51015A,2200,MAXUM
AMS048TW1059A,2200,UTC2000
AMS048TW1055A,2200,UTC1000S
AAB090NC7003A,2200,UTC1000S
AAB090NC7003A,2200,UTC2000
ANV345XT9001A,3200,ICONN
ANV345XT9001A,2200,ICONN
ANV153XT8008A,2200,ICONN
ANV153XT8008A,2200,ICONN-PLUS
AXY391KJ3002B,3400,UTC3000
AXY391KJ3002B,3400,ICONN
AXY391KJ3002B,3200,UTC3000
AXY391KJ3002B,3200,ICONN
AXY391KJ3002B,2200,UTC3000
AXY391KJ3002B,2200,ICONN
AYX063NW1002A,2200,UTC1000S
AHQ0122I1001A,2200,ICONN
AGJ132X2C007A,2200,UTC3000
AAB024MA6021A,2200,UTC1000S
AAB024MA6021A,2200,UTC2000
AAS084CC2011A,2200,MAXUM-PLUS
AAS084CC2011A,2200,MAXUM
ABU096EF2002A,2200,UTC1000S
ABU096EF2002A,2200,UTC2000
ABU096EF2002A,2200,UTC5000S
ANV132X2C055A,2200,RAPID
ABU100X69002A,2200,UTC2000
AAB008YQ2005A,2200,MAXUM
AAB008YQ2005A,2200,RAPID
AAB008YQ2005A,3200,MAXUM
AAB008YQ2005A,3200,RAPID
ABU096EF2002A,2200,RAPID
AAW024MA6038C,2200,UTC1000S
AAW024MA6038C,2200,UTC2000
ABU008YD2001A,2200,MAXUM-PLUS
ABU008YD2001A,2200,MAXUM
ABU008YD2001A,2200,ICONN
ALW078C93002A,2200,UTC2000
ALW078C93002A,2200,UTC3000
ALW078C93002A,2200,MAXUM-PLUS
ALW078C93002A,2200,MAXUM
ALW078C93002A,2200,ICONN
AGJ252X20004A,3600,ICONN
AGJ252X20004A,3400,ICONN
AGJ252X20004A,3200,ICONN
AGJ252X20004A,2200,ICONN
AAB090NC7001A,2200,UTC1000S
AAB090NC7001A,2200,UTC2000
AAW048TP1041B,2200,UTC2000
AAW048TP1041B,2200,UTC3000
AAS048MAB003A,2200,MAXUM
ACD054TN1001A,2200,UTC1000S
ACD054TN1001A,2200,UTC2000
ANV132X2A006B,2200,UTC1000S
ANV132X2A006B,2200,UTC2000
ABU048TP2005A,2200,UTC1000S
AAW024MA6025A,2200,UTC2000
AAB008YQ2039B,2200,MAXUM
AAB008YQ2039B,2200,RAPID
ANV0086A1070A,2200,MAXUM-PLUS
ANV0086A1071A,2200,MAXUM-PLUS
ANV132X20004A,3200,ICONN
ANV132X20004A,3200,RAPID
ANV132X20004A,2200,UTC2000
ANV132X20004A,2200,ICONN
ANV0086A1071A,2200,MAXUM
AAB063NW3005A,2200,UTC2000
ANV153XT8020A,2200,MAXUM
AAB024XJ6011A,2200,UTC2000
AAB024XJ6011A,2200,UTC3000
AAB024XJ6011A,3200,UTC2000
AAB024XJ6011A,3200,UTC3000
AAB024XJ6011A,3400,UTC2000
AAB024XJ6011A,3400,UTC3000
AAB024XJ6011A,3600,UTC2000
AAB024XJ6011A,3600,UTC3000
ANV0086A1070A,2200,MAXUM
ANV132X20004A,2200,RAPID
AAB008YM2025A,2200,MAXUM-PLUS
AAB008YM2025A,2200,MAXUM
AAB008YM2025A,2200,ICONN-PLUS
AAB008YM2025A,2200,RAPID
AAB162KE1002A,2200,UTC1000S
AAB162KE1002A,2200,UTC2000
AAB162KE1002A,2200,UTC3000
AAB063NW3003A,2200,UTC1000S
AAB063NW3003A,2200,UTC2000
AAB162KE1002A,2200,UTC5000S
AGJ252X20003A,3200,ICONN
AGJ252X20003A,3200,ICONN-PLUS
AGJ252X20003A,2200,ICONN
ANV132X20005A,3200,ICONN
ANV132X20005A,3200,RAPID
ANV132X20005A,2200,ICONN
ANV132X2A004A,2200,RAPID
AAS008YB2005A,2200,MAXUM
AAB008YM2027A,2200,RAPID
AAB008YQ2032A,2200,MAXUM-PLUS
AAB008YQ2032A,2200,MAXUM
AAB008YQ2032A,2200,RAPID
AAB008YM2027A,2200,MAXUM-PLUS
AAB008YM2027A,2200,MAXUM
AAB008YM2027A,2200,ICONN-PLUS
ANV132X2C028A,2200,UTC2000
ANV132X2C028A,2200,UTC3000
ANV132X2C028A,2200,RAPID
AZA0086A1014A,2200,MAXUM
AZA0086A1015A,2200,MAXUM
AAB084CC9001A,2200,UTC1000S
AAB084CC9001A,2200,UTC2000
AAB084CC9001A,2200,UTC5000S
AAB084CC9001A,2200,MAXUM-PLUS
AAB084CC9001A,2200,RAPID
AMS048TW1072A,2200,UTC1000S
AEU048TR2005A,2200,UTC1000S
AAS054TS1001B,2200,MAXUM
GA054NB1004A,2200,UTC1000S
AEU048TR2005A,2200,UTC2000
AMS048TW1048A,2200,UTC1000S
ANV153XT0002A,2200,RAPID
ALW200KK2012A,2200,UTC3000
ALW200KK2012A,2200,RAPID
AAW048TP1008B,2200,UTC2000
AAW048TP1008B,2200,UTC3000
AAW048TP1008B,2200,UTC5000S
AAW048TP1008B,2200,MAXUM
AMS048TW1057A,2200,UTC1000S
GA054NB1004A,2200,UTC1000S
AAS008YQ9003A,2200,MAXUM
AAB008YD2009A,2200,MAXUM
AAB008YD2009A,2200,RAPID
ABU200N76002A,2200,UTC1000S
AJE153XT9001A,2200,UTC1000S
AAS096EL2001A,3200,ICONN
AAS096EL2001A,2200,MAXUM
AAS096EL2001A,2200,ICONN
AJE153XT9001A,2200,MAXUM-PLUS
AJE153XT9001A,2200,ICONN
AJE153XT9001A,2200,RAPID
AUL054TN1003A,2200,UTC1000S
AUL054TN1003A,2200,UTC2000
ANV345XTB020A,2200,UTC3000
ANV345XTB020A,3200,UTC3000
AUL054TN1004A,2200,UTC1000S
AAS066TS1003B,2200,MAXUM
AGJ252X29002A,2200,UTC2000
AAS008FG1024A,2200,MAXUM
ALW132NY4041A,2200,UTC1000S
ALW132NY4041A,2200,MAXUM-PLUS
ABU153XT9001A,2200,ICONN
ABU153XT9001A,2200,ICONN-PLUS
ABU153XT9001A,2200,RAPID
ANV153XT3002A,2200,UTC2000
ANV153XT3002A,2200,UTC3000
ANV153XT3002A,2200,RAPID
ANV153XT3002A,3200,UTC2000
ANV153XT3002A,3200,UTC3000
ANV153XT3002A,3200,RAPID
ANV345XTE005A,3200,RAPID
AAB162KE1006A,3200,UTC3000
AAB162KE1006A,3200,UTC5000S
ABU078EA3001A,3200,UTC2000
ABU078EA3001A,2200,UTC2000
ANV153XT3003A,3200,UTC5000S
ANV153XT3003A,3200,ICONN
ANV153XT3003A,3200,ICONN-PLUS
ANV153XT3003A,3200,RAPID
ANV153XT3003A,2200,UTC2000
ANV153XT3003A,2200,UTC3000
ANV153XT3003A,2200,MAXUM
ANV153XT3003A,2200,ICONN
ANV153XT3003A,2200,ICONN-PLUS
ANV153XT3003A,2200,RAPID
ASS153XT3001A,2200,UTC2000
ASS153XT3001A,2200,RAPID
ANV153XT9005A,2200,ICONN
ANV153XT9005A,3200,UTC5000S
ANV345XTE005A,3400,RAPID
AAW008Y62020A,2200,MAXUM
ANV345XTA012A,2200,UTC3000
ANV345XTA012A,2200,UTC5000S
ANV345XTA012A,2200,RAPID
ANV345XTA012A,3200,UTC3000
ANV345XTA012A,3200,UTC5000S
ANV345XTA012A,3200,RAPID
ANV345XTA012A,3400,UTC3000
ANV345XTA012A,3400,UTC5000S
ANV345XTA012A,3400,RAPID
ANV345XTA012A,3600,UTC3000
ANV345XTA012A,3600,UTC5000S
ANV345XTA012A,3600,RAPID
ANV345XTA012A,4200,UTC3000
ANV345XTA012A,4200,UTC5000S
ANV345XTA012A,4200,RAPID
ANV0086A1021A,2200,MAXUM-PLUS
AAB060NR2002A,2200,UTC1000S
ANV345XTE005A,2200,RAPID
ANV153XT9005A,3200,ICONN
ANV132X2C053A,2200,RAPID
ANI008YK3001A,2200,ICONN-PLUS
ABU008Y62011A,2200,MAXUM
AAS048TG2003A,2200,MAXUM
AAS048TG2003A,2200,ICONN
AAS066TS1005B,2200,MAXUM
AAS008FG1024A,2200,ICONN
AAB162KE1006A,2200,UTC2000
ANV132X2C027A,2200,UTC1000S
ANV132X2C027A,2200,UTC2000
ANV132X2C027A,2200,UTC3000
ANV132X2C027A,2200,MAXUM-PLUS
ANV0086A1038A,2200,ICONN
ANV169XN6002A,3200,ICONN
ANV169XN6002A,2200,MAXUM
ANV169XN6002A,2200,ICONN
ANV169XN6002A,3400,MAXUM
ANV169XN6002A,3400,ICONN
AAS008FG1011A,2200,MAXUM-PLUS
AAB024MAA006A,2200,UTC1000S
ANV345XTB019A,2200,UTC2000
ANV345XTB019A,3200,UTC3000
ANV345XTB019A,3400,UTC3000
AAB008YM2019A,2200,MAXUM-PLUS
AAB008YM2019A,2200,ICONN
AAB008YM2019A,2200,ICONN-PLUS
AZA0086A1008A,2200,MAXUM
AAB024MAA008A,2200,UTC1000S
AGJ252X20005A,3600,RAPID
AGJ252X20005A,3400,ICONN
AGJ252X20005A,3200,ICONN
AGJ252X20005A,2200,ICONN
ANV132X2C033A,2200,MAXUM-PLUS
ANV132X2C033A,2200,RAPID
AAS008FG1011A,2200,MAXUM
AAS008FG1022A,2200,MAXUM
AAW024XJ6018A,2200,UTC2000
AGJ252X02003A,2200,UTC5000S
AGJ252X02003A,3200,UTC5000S
ABU168RM1008A,2200,MAXUM
AAW024XJ6018A,3200,UTC2000
ACS054TS1012A,2200,UTC1000S
ACS054TS1012A,2200,UTC2000
ACS054TS1012A,3200,UTC1000S
ACS054TS1012A,3200,UTC2000
AAW024MA6018B,2200,UTC1000S
AAW024MA6018B,2200,UTC2000
AGJ132X2B002A,2200,MAXUM-PLUS
ABU168RM1004A,2200,MAXUM
AAW016D53004A,2200,UTC2000
AAW016D53004A,2200,UTC5000S
AAW016D53004A,2200,MAXUM-PLUS
AAW016D53004A,2200,RAPID
AAB024MA6030A,2200,UTC2000
AAB024MAA007A,2200,UTC1000S
AAB024MAA010A,2200,UTC2000
ALW200KK2020A,2200,UTC3000
ALW200KK2020A,2200,UTC5000S
ALW200KK2020A,2200,RAPID
AAS096EL1020A,2200,MAXUM
AMS048TW1053A,2200,UTC1000S
AGJ132X2B002A,3200,MAXUM-PLUS
